Fecha,Hora,Benceno,CO,CO 8h,Etilbenceno,NO,NO2,NOX,O3,O3 8h,Ortoxileno,PM10,"PM2,5",SO2,Tolueno,DirecWind,Humid,Precip,Temp,SpeedWind,Car,Motorcycle,Bus,Truck
2023-09-18,20:00:00,0.03,0.27,0.24,0.00,1.33,14.33,16.33,63.00,69.00,0.22,11.00,5.67,5.33,0.63,86.0,66.0,0.0,20.8,02.02,2037,6,159,190
2023-09-18,21:00:00,0.01,0.26,0.25,0.00,0.67,9.33,11.00,67.00,68.50,0.21,9.00,4.67,5.33,0.69,90.0,66.0,0.0,20.6,1.99,1430,8,107,116
2023-09-18,22:00:00,0.00,0.23,0.25,0.00,1.00,6.33,8.00,65.50,68.50,0.29,7.67,4.00,5.33,0.75,80.0,65.0,0.0,20.6,1.38,1122,1,86,91
2023-09-18,23:00:00,,0.23,0.26,,0.33,6.33,7.00,59.00,65.50,,7.33,3.67,5.33,,78.0,68.0,0.0,20.3,01.02,955,1,37,101
2023-09-19,0:00:00,,0.24,0.25,,1.00,9.00,10.33,49.50,62.50,,9.00,5.00,5.33,,79.0,68.0,0.0,20.2,0.18,821,0,12,100
2023-09-19,1:00:00,0.00,0.23,0.25,0.00,0.33,9.00,9.67,48.50,61.50,0.24,10.67,5.33,5.00,0.80,102.0,69.0,0.0,19.9,0.43,807,0,6,83
2023-09-19,2:00:00,0.00,0.26,0.25,0.00,1.00,14.00,15.67,54.00,59.50,0.22,9.67,5.67,5.00,0.74,142.0,73.0,0.0,19.4,0.17,789,0,8,82
2023-09-19,3:00:00,0.03,0.28,0.24,0.09,1.33,22.67,24.67,28.00,54.50,0.51,14.00,8.00,5.33,1.54,206.0,75.0,0.0,19.2,0.8,812,1,15,83
2023-09-19,4:00:00,0.09,0.33,0.26,0.22,3.67,32.67,38.00,13.50,47.50,1.11,16.00,9.00,5.33,1.74,197.0,77.0,0.0,19.0,0.94,766,0,10,78
2023-09-19,5:00:00,0.04,0.35,0.27,0.17,11.33,40.67,58.00,8.50,39.00,01.01,16.00,8.33,5.33,1.55,198.0,76.0,0.0,19.1,0.73,884,3,23,68
2023-09-19,6:00:00,0.12,0.40,0.29,0.21,28.33,45.67,88.67,7.50,32.00,01.07,17.33,8.67,5.00,1.77,141.0,76.0,0.0,19.3,0.22,1086,2,67,112
2023-09-19,7:00:00,0.21,0.39,0.30,0.30,30.67,41.33,88.00,11.50,27.00,1.39,21.00,9.67,5.67,2.16,138.0,70.0,0.0,21.0,0.49,1845,5,190,243
2023-09-19,8:00:00,0.19,0.37,0.33,0.43,20.00,37.00,67.00,28.00,23.50,1.82,22.00,10.33,6.00,3.32,130.0,64.0,0.0,22.6,0.33,2938,12,332,530
2023-09-19,9:00:00,0.16,0.34,0.34,0.43,6.50,19.00,29.00,62.00,24.50,1.75,16.00,8.00,7.50,2.32,197.0,58.0,0.0,23.9,0.68,2047,2,211,462
2023-09-19,10:00:00,0.07,0.30,0.34,0.23,6.67,17.33,27.33,58.50,26.00,01.07,12.00,6.00,6.00,1.53,154.0,53.0,0.0,24.3,0.91,1670,2,209,440
2023-09-19,11:00:00,0.06,0.30,0.34,0.11,5.33,16.33,25.33,61.00,29.50,0.84,10.33,6.00,6.00,1.29,160.0,50.0,0.0,25.6,0.49,1705,3,178,356
2023-09-19,12:00:00,0.06,0.29,0.34,0.03,2.33,11.33,15.00,71.50,36.00,0.53,9.33,5.67,6.00,0.88,86.0,48.0,0.0,26.4,0.71,1816,14,218,374
2023-09-19,13:00:00,0.01,0.28,0.34,0.00,1.50,10.00,12.50,85.00,42.50,0.29,10.00,5.50,6.50,0.67,101.0,56.0,0.0,25.2,3.61,2044,11,248,298
2023-09-19,14:00:00,0.00,0.32,0.33,0.00,3.33,14.67,20.00,73.00,51.50,0.38,13.33,7.00,5.67,0.86,117.0,59.0,0.0,24.9,4.62,2381,16,269,303
2023-09-19,15:00:00,0.00,0.32,0.32,0.00,4.67,18.67,26.00,68.50,59.00,0.35,12.33,6.67,5.67,0.73,109.0,59.0,0.0,24.5,4.26,2059,8,247,275
2023-09-19,16:00:00,0.04,0.29,0.30,0.02,5.00,25.67,33.00,63.50,64.00,0.35,12.67,6.33,5.67,0.76,98.0,62.0,0.0,23.6,4.71,2214,7,260,297
2023-09-19,17:00:00,0.00,0.29,0.30,0.04,3.00,22.67,27.00,66.00,66.50,0.55,10.00,5.33,6.00,0.93,91.0,64.0,0.0,22.7,3.64,2208,4,228,243
2023-09-19,18:00:00,0.04,0.30,0.30,0.02,2.00,23.67,26.67,60.50,67.00,0.57,10.33,5.67,6.33,0.89,119.0,67.0,0.0,22.0,2.51,2281,8,178,231
2023-09-19,19:00:00,0.00,0.30,0.31,0.00,1.00,20.50,22.00,54.00,66.50,0.42,10.50,5.50,7.00,0.74,93.0,71.0,0.0,21.2,1.96,2389,7,173,230
2023-09-19,20:00:00,0.00,0.33,0.31,0.00,2.67,27.00,31.00,45.50,63.00,0.37,10.67,6.00,6.67,01.09,79.0,73.0,0.0,20.6,1.31,1928,11,140,166
2023-09-19,21:00:00,0.03,0.32,0.31,0.07,1.33,17.00,19.00,49.00,60.00,0.40,9.67,5.67,7.00,1.74,64.0,74.0,0.0,20.4,0.21,1486,12,121,100
2023-09-19,22:00:00,0.01,0.30,0.31,0.00,1.67,20.33,22.33,25.00,55.50,0.36,12.33,6.33,6.67,1.10,205.0,76.0,0.0,20.0,0.06,1061,12,72,87
2023-09-19,23:00:00,0.03,0.35,0.32,0.03,2.00,33.00,36.00,20.50,50.50,0.47,25.33,11.00,6.00,1.11,197.0,78.0,0.0,19.6,0.64,907,6,18,83
2023-09-20,0:00:00,,0.38,0.33,,2.00,35.00,37.67,14.00,43.50,,22.67,12.33,6.00,,189.0,80.0,0.0,19.0,0.68,800,8,7,62
2023-09-20,1:00:00,,0.35,0.34,,4.33,32.00,39.00,10.00,38.00,,19.67,11.67,6.33,,205.0,82.0,0.0,18.4,1.45,804,6,12,60
2023-09-20,2:00:00,0.01,0.36,0.34,0.32,4.67,33.00,39.33,11.00,29.50,1.40,18.33,10.67,6.33,02.05,207.0,83.0,0.0,18.3,1.42,715,4,1,65
2023-09-20,3:00:00,0.04,0.38,0.35,0.39,5.00,28.50,35.50,2.00,23.00,1.52,19.50,12.00,7.50,2.19,200.0,83.0,0.0,17.9,1.39,709,4,3,61
2023-09-20,4:00:00,0.21,0.39,0.36,0.33,13.00,30.67,50.33,6.00,16.50,1.47,20.67,13.33,6.67,2.38,202.0,84.0,0.0,17.7,1.25,763,11,14,51
2023-09-20,5:00:00,0.29,0.42,0.37,0.34,30.33,32.00,78.00,5.50,10.50,1.52,24.00,16.33,7.00,2.49,202.0,85.0,0.0,17.2,1.55,992,8,21,62
2023-09-20,6:00:00,0.33,0.44,0.39,0.36,43.67,33.33,100.33,6.00,8.50,1.53,25.33,16.33,6.67,2.78,178.0,84.0,0.0,17.4,1.26,1049,7,69,103
2023-09-20,7:00:00,0.38,0.46,0.39,0.48,44.33,39.33,106.33,8.00,8.00,02.08,26.67,15.33,7.00,3.70,161.0,74.0,0.0,19.6,0.84,1835,3,190,241
2023-09-20,8:00:00,0.30,0.46,0.41,0.47,34.33,42.67,94.67,22.50,9.00,1.95,22.67,12.33,7.67,3.51,96.0,62.0,0.0,22.4,0.56,2462,4,272,387
2023-09-20,9:00:00,0.30,0.35,0.41,0.54,10.50,28.00,43.50,46.00,11.00,2.19,16.50,7.50,9.00,3.72,111.0,55.0,0.0,23.8,01.03,1768,7,180,373
2023-09-20,10:00:00,0.11,0.32,0.40,0.40,12.67,24.67,44.00,49.00,17.50,1.63,12.00,6.33,7.00,4.38,95.0,51.0,0.0,25.3,1.96,1699,7,201,329
2023-09-20,11:00:00,0.08,0.29,0.40,0.50,5.00,18.00,25.00,60.00,21.00,2.44,16.00,8.50,7.00,09.01,115.0,65.0,0.0,22.5,4.78,1887,5,217,337
2023-09-20,12:00:00,0.06,0.32,0.39,0.16,4.33,13.67,20.33,68.50,31.00,0.96,16.00,9.00,6.33,1.65,114.0,67.0,0.0,22.7,4.22,1845,11,215,319
2023-09-20,13:00:00,0.00,0.30,0.37,0.01,3.67,13.67,19.33,77.50,39.50,0.53,17.33,9.67,6.67,01.02,103.0,63.0,0.0,22.9,2.72,2241,7,271,336
2023-09-20,14:00:00,0.00,0.29,0.35,0.06,3.67,17.33,23.00,77.50,49.00,0.46,19.67,10.33,7.00,0.94,98.0,60.0,0.0,24.4,2.59,2347,7,239,291
2023-09-20,15:00:00,0.03,0.28,0.32,0.08,3.67,17.00,22.33,78.50,57.50,0.50,22.67,12.00,7.00,0.97,121.0,67.0,0.0,23.5,04.02,2288,10,231,298
2023-09-20,16:00:00,0.01,0.29,0.31,0.06,3.00,17.33,21.67,76.50,64.50,0.37,18.67,10.67,6.33,0.76,118.0,67.0,0.0,23.4,2.61,1894,7,199,289
2023-09-20,17:00:00,0.00,0.28,0.30,0.00,2.00,19.00,22.67,71.50,69.00,0.39,18.00,10.33,6.00,0.77,101.0,71.0,0.0,22.4,2.83,2012,6,202,256
2023-09-20,18:00:00,0.03,0.30,0.29,0.03,2.00,24.00,27.00,59.50,71.50,0.46,16.00,10.33,5.33,0.83,88.0,78.0,0.0,21.2,2.52,2268,7,186,219
2023-09-20,19:00:00,0.08,0.28,0.29,0.02,1.00,21.00,22.50,52.00,72.00,0.52,15.50,11.00,5.50,0.85,75.0,80.0,0.0,20.6,1.23,2383,13,195,220
2023-09-20,20:00:00,0.06,0.33,0.29,0.10,2.00,29.67,33.00,36.00,68.00,0.66,15.00,11.00,5.00,1.60,113.0,81.0,0.0,20.6,0.38,2018,9,136,160
2023-09-20,21:00:00,0.05,0.21,0.28,0.08,1.33,15.00,17.00,54.00,66.00,0.84,12.33,7.67,6.00,1.68,266.0,52.0,0.0,23.2,0.71,1444,7,112,112
2023-09-20,22:00:00,0.00,0.18,0.29,0.00,1.00,4.50,6.00,74.00,67.00,0.38,8.00,3.50,6.50,0.94,275.0,37.0,0.0,25.0,1.71,1226,8,81,104
2023-09-20,23:00:00,0.00,0.18,0.27,0.00,0.33,3.33,4.33,75.50,66.00,0.18,8.00,3.33,5.33,0.61,267.0,38.0,0.0,24.9,2.74,1005,1,24,107
2023-09-21,0:00:00,0.00,0.19,0.26,0.00,0.33,2.00,2.67,78.50,66.00,0.15,8.00,3.33,5.00,0.55,262.0,37.0,0.0,24.6,4.74,920,4,16,65
2023-09-21,1:00:00,,0.18,0.24,,0.33,2.00,2.67,75.00,64.00,,7.00,3.00,5.00,,267.0,39.0,0.0,23.9,3.38,810,2,15,66
2023-09-21,2:00:00,,0.18,0.23,,0.33,2.00,2.67,65.00,64.00,,5.33,2.33,5.00,,264.0,44.0,0.0,23.4,3.77,777,0,18,59
2023-09-21,3:00:00,0.00,0.19,0.21,0.00,0.67,3.00,4.67,65.00,66.00,0.09,4.33,1.67,5.33,0.45,263.0,47.0,0.0,23.1,3.45,877,0,15,79
2023-09-21,4:00:00,0.00,0.20,0.19,0.00,0.67,3.67,5.33,61.50,69.00,0.17,3.67,1.33,5.00,0.56,262.0,50.0,0.0,22.5,2.98,836,2,16,90
2023-09-21,5:00:00,0.00,0.20,0.18,0.00,2.33,9.00,12.67,58.50,68.50,0.08,4.00,1.67,5.00,0.39,276.0,52.0,0.5,22.1,0.89,835,4,31,81
2023-09-21,6:00:00,0.00,0.23,0.20,0.00,5.00,18.67,25.67,50.50,66.00,0.18,6.67,3.00,5.33,0.45,61.0,61.0,0.9,20.4,0.86,859,0,74,97
2023-09-21,7:00:00,0.00,0.46,0.22,0.00,2.00,21.50,24.50,41.00,63.00,0.23,7.00,3.50,5.50,0.43,74.0,76.0,2.6,18.1,0.58,1615,2,165,159
2023-09-21,8:00:00,0.17,0.33,0.24,0.06,6.67,28.00,38.33,34.50,56.00,0.74,6.67,3.33,5.00,1.57,99.0,82.0,5.2,17.5,0.36,2614,5,258,328
2023-09-21,9:00:00,0.00,0.27,0.25,0.06,4.33,21.33,28.00,47.00,52.50,0.64,6.67,3.00,5.00,1.32,78.0,78.0,0.4,17.3,0.73,2474,2,248,386
2023-09-21,10:00:00,0.00,0.27,0.26,0.10,7.00,23.00,33.33,50.00,50.50,0.64,8.00,3.67,5.00,0.99,332.0,64.0,0.1,18.5,0.15,2310,3,231,410
2023-09-21,11:00:00,0.00,0.28,0.28,0.22,8.00,26.67,38.67,41.50,47.50,0.84,9.00,4.67,5.00,01.06,250.0,66.0,0.2,18.8,0.9,2824,2,256,489
2023-09-21,12:00:00,0.03,0.30,0.28,0.04,6.67,25.00,34.67,40.00,45.00,0.67,9.33,5.00,5.00,0.93,121.0,69.0,0.0,19.2,0.45,2839,3,251,529
2023-09-21,13:00:00,0.05,0.25,0.29,0.06,6.33,18.67,28.67,51.50,44.00,0.67,12.33,5.33,5.67,0.98,107.0,58.0,0.1,20.4,2.4,2851,2,243,416
2023-09-21,14:00:00,0.03,0.20,0.29,0.00,4.67,15.33,22.33,60.50,45.00,0.33,13.67,5.33,8.33,0.53,105.0,53.0,0.0,20.8,3.9,2957,5,255,348
2023-09-21,15:00:00,0.03,0.23,0.26,0.00,4.67,20.00,27.00,60.50,48.00,0.14,13.00,5.33,8.33,0.33,101.0,55.0,0.0,20.5,2.98,2718,7,263,382
2023-09-21,16:00:00,0.02,0.24,0.26,0.00,4.33,21.00,27.33,56.00,50.50,0.23,15.00,7.33,6.33,0.44,103.0,62.0,0.1,19.6,4.67,2582,4,242,321
2023-09-21,17:00:00,0.05,0.26,0.26,0.00,2.67,18.33,22.33,54.50,52.00,0.12,11.33,6.33,5.67,0.44,94.0,71.0,0.2,17.7,4.52,3254,9,273,339
2023-09-21,18:00:00,0.01,0.26,0.26,0.00,1.00,12.00,13.50,59.00,51.50,0.14,8.50,4.50,6.00,0.69,63.0,72.0,0.1,17.0,1.11,3281,6,241,317
2023-09-21,19:00:00,0.00,0.24,0.25,0.00,1.67,19.00,21.67,45.00,53.00,0.15,9.67,5.00,5.33,0.55,358.0,70.0,0.1,17.1,0.43,2495,4,169,227
2023-09-21,20:00:00,0.02,0.22,0.23,0.00,1.67,19.33,21.67,29.00,52.50,0.12,11.67,6.00,5.00,0.45,268.0,70.0,0.0,17.0,0.21,1579,3,99,90
2023-09-21,21:00:00,0.02,0.21,0.23,0.00,1.00,19.33,21.00,40.00,51.50,0.11,13.33,5.33,5.00,0.38,256.0,69.0,0.0,16.7,0.6,1014,1,67,60
2023-09-21,22:00:00,0.02,0.23,0.24,0.00,1.33,20.33,22.00,40.50,49.00,0.24,10.67,5.33,5.67,0.51,244.0,69.0,0.0,16.4,1.14,972,3,70,77
2023-09-21,23:00:00,0.03,0.23,0.24,0.00,1.00,23.67,25.67,34.50,42.00,0.33,11.67,5.67,5.67,0.55,250.0,73.0,0.0,16.0,0.7,865,2,18,59
2023-09-22,0:00:00,0.00,0.24,0.24,0.00,1.67,27.67,30.00,25.50,35.00,0.34,10.67,5.00,6.33,0.52,235.0,74.0,0.0,15.7,0.7,769,1,11,56
2023-09-22,1:00:00,0.00,0.24,0.23,0.00,1.67,29.67,31.67,20.50,32.00,0.40,12.33,5.67,6.33,0.62,211.0,75.0,0.0,15.4,01.04,751,0,16,64
2023-09-22,2:00:00,,0.26,0.23,,1.33,27.00,29.00,18.00,25.00,,13.33,6.67,7.00,,202.0,79.0,0.0,14.7,0.92,638,0,18,46
2023-09-22,3:00:00,,0.26,0.24,,6.00,30.67,39.67,9.00,28.00,,14.33,7.00,7.00,,213.0,81.0,0.0,14.2,1.69,693,1,15,47
2023-09-22,4:00:00,0.11,0.29,0.24,0.00,12.00,35.00,52.67,6.00,24.00,0.49,14.33,7.33,7.67,0.87,225.0,80.0,0.0,14.1,1.1,707,1,15,59
2023-09-22,5:00:00,0.08,0.32,0.26,0.10,31.00,38.00,85.33,6.00,19.00,0.73,14.33,7.33,7.33,1.12,244.0,76.0,0.0,14.4,1.5,846,1,24,78
2023-09-22,6:00:00,0.24,0.33,0.28,0.23,40.00,39.00,100.00,8.50,14.50,1.14,16.33,7.33,8.33,1.82,252.0,70.0,0.0,15.1,2.42,1008,1,81,105
2023-09-22,7:00:00,0.35,0.28,0.28,0.33,26.33,36.67,76.67,12.50,13.50,1.51,16.00,6.00,8.67,2.51,250.0,64.0,0.0,15.7,1.91,1731,2,215,214
2023-09-22,8:00:00,0.24,0.24,0.28,0.19,17.00,34.50,59.50,8.00,11.00,01.07,15.00,5.00,9.50,02.03,247.0,64.0,0.0,15.8,1.74,2492,6,310,437
2023-09-22,9:00:00,0.09,0.24,0.27,0.08,14.67,30.67,53.00,23.50,12.00,0.69,12.33,4.00,7.33,1.21,263.0,61.0,0.3,17.0,0.42,2641,9,308,466
2023-09-22,10:00:00,0.01,0.24,0.28,0.02,8.00,20.67,32.33,43.00,15.00,0.62,9.00,3.67,6.00,1.27,111.0,65.0,0.3,17.3,2.18,2860,8,322,532
2023-09-22,11:00:00,0.04,0.29,0.28,0.01,8.00,23.00,35.33,46.00,19.00,0.57,9.33,5.00,6.67,1.15,115.0,77.0,2.3,16.7,2.0,2743,12,274,493
2023-09-22,12:00:00,0.04,0.29,0.28,0.03,5.33,22.00,30.33,53.00,25.00,0.57,9.33,4.67,6.33,0.94,118.0,83.0,2.3,15.4,1.76,2826,3,269,487
2023-09-22,13:00:00,0.11,0.29,0.27,0.11,7.00,24.00,34.67,50.00,30.00,0.70,9.67,5.33,6.33,1.34,113.0,81.0,3.8,16.3,02.09,2447,5,248,368
2023-09-22,14:00:00,0.02,0.18,0.26,0.00,2.00,13.00,16.50,61.00,35.50,0.45,7.50,3.50,7.50,0.98,72.0,69.0,0.0,17.6,2.5,3162,6,253,357
2023-09-22,15:00:00,0.00,0.20,0.24,0.00,5.00,20.33,28.00,49.50,41.50,0.28,7.67,3.67,5.67,0.87,64.0,72.0,0.5,17.4,0.83,2825,4,261,310
2023-09-22,16:00:00,0.00,0.21,0.24,0.00,4.00,20.33,26.00,51.00,46.00,0.27,7.33,3.33,5.67,0.77,78.0,72.0,0.0,17.2,1.65,2717,6,276,400
2023-09-22,17:00:00,0.00,0.20,0.24,0.00,3.67,22.33,27.67,49.00,49.00,0.23,8.00,4.00,5.67,1.15,58.0,71.0,0.0,17.3,01.01,2969,5,254,311
2023-09-22,18:00:00,0.05,0.20,0.23,0.00,3.67,24.33,30.00,43.00,49.50,0.23,8.33,4.33,5.67,0.99,336.0,71.0,0.0,16.9,0.5,2696,3,229,265
2023-09-22,19:00:00,0.00,0.18,0.21,0.00,2.33,18.00,21.33,57.00,50.50,0.18,7.33,3.33,5.33,0.46,71.0,71.0,0.3,16.7,1.66,2727,4,222,252
2023-09-22,20:00:00,0.00,0.18,0.21,0.00,1.33,14.33,16.33,62.00,52.00,0.17,5.67,3.33,5.00,0.46,47.0,73.0,0.2,16.2,0.52,1711,2,144,106
2023-09-22,21:00:00,0.00,0.19,0.20,0.00,2.67,16.33,20.00,55.50,53.00,0.17,5.33,3.00,5.33,0.42,327.0,76.0,0.6,16.1,0.27,1155,4,106,101
2023-09-22,22:00:00,0.00,0.21,0.20,0.00,1.67,19.33,21.67,50.50,52.00,0.16,6.00,3.33,5.00,0.50,259.0,76.0,0.0,16.0,0.22,897,2,60,61
2023-09-22,23:00:00,0.01,0.22,0.20,0.00,1.50,17.00,19.00,41.00,52.00,0.38,10.50,4.00,5.50,0.83,106.0,74.0,0.0,16.3,0.36,744,1,44,56
2023-09-23,0:00:00,0.01,0.23,0.21,0.00,1.00,15.00,16.50,37.00,49.00,0.28,9.50,4.50,5.50,0.50,231.0,77.0,0.0,15.9,0.41,783,0,26,56
2023-09-23,1:00:00,0.06,0.22,0.20,0.00,1.00,20.67,22.00,30.50,50.50,0.44,11.33,6.00,5.00,0.75,205.0,81.0,0.0,15.4,0.97,704,1,23,62
2023-09-23,2:00:00,0.02,0.23,0.21,0.00,1.00,22.33,23.67,22.00,48.00,0.43,12.67,6.33,6.00,0.71,212.0,83.0,0.0,15.0,1.53,754,1,8,46
2023-09-23,3:00:00,,0.26,0.22,,3.67,24.67,30.00,15.50,43.00,,12.00,6.00,5.67,,214.0,84.0,0.2,14.6,1.63,792,0,9,44
2023-09-23,4:00:00,,0.26,0.22,,6.33,30.33,39.67,12.00,35.50,,13.33,6.67,6.00,,185.0,86.0,0.0,14.4,01.09,789,0,12,48
2023-09-23,5:00:00,0.03,0.27,0.23,0.00,7.00,29.33,39.67,11.00,29.50,0.49,13.67,7.67,6.33,0.75,212.0,85.0,0.0,14.5,1.1,768,0,17,35
2023-09-23,6:00:00,0.01,0.27,0.24,0.00,8.00,31.00,43.00,4.00,24.00,0.49,17.50,8.50,7.50,0.92,176.0,83.0,0.0,14.7,0.69,757,0,30,45
2023-09-23,7:00:00,0.05,0.32,0.26,0.03,23.00,33.00,68.00,5.00,16.00,0.68,17.00,9.50,8.00,01.08,192.0,82.0,0.0,14.9,1.11,948,0,83,74
2023-09-23,8:00:00,0.18,0.32,0.27,0.17,21.67,30.00,63.33,16.00,16.00,0.94,18.67,11.33,8.00,1.27,192.0,73.0,0.0,17.3,0.86,1447,1,143,191
2023-09-23,9:00:00,0.07,0.25,0.27,0.10,14.67,28.33,50.33,29.50,16.00,0.66,16.33,9.67,9.00,1.10,198.0,62.0,0.0,19.5,0.27,1702,4,167,232
2023-09-23,10:00:00,0.07,0.18,0.27,0.03,4.67,14.33,21.33,57.50,19.50,0.64,10.67,6.33,8.00,01.03,95.0,51.0,0.0,21.4,0.44,1548,5,136,188
2023-09-23,11:00:00,0.03,0.15,0.25,0.01,2.33,9.67,13.67,67.50,25.00,0.27,9.67,5.33,7.00,0.54,80.0,50.0,0.0,21.5,1.56,1615,3,126,214
2023-09-23,12:00:00,0.03,0.17,0.24,0.00,2.67,11.00,15.33,72.50,33.00,0.21,11.67,6.33,7.67,0.47,107.0,57.0,0.0,20.7,3.42,1807,6,133,170
2023-09-23,13:00:00,0.00,0.17,0.23,0.00,1.33,7.33,10.00,80.00,41.00,0.13,11.67,6.67,7.33,0.36,97.0,57.0,0.0,21.5,1.63,1962,12,145,179
2023-09-23,14:00:00,0.00,0.22,0.22,0.00,1.67,7.67,10.00,82.00,50.50,0.10,11.67,6.67,6.67,0.28,123.0,55.0,0.0,22.1,1.12,2031,7,162,183
2023-09-23,15:00:00,0.00,0.20,0.21,0.00,1.50,6.00,9.00,86.00,57.50,0.00,11.50,6.00,8.00,0.26,104.0,55.0,0.0,21.9,3.13,1852,12,162,160
2023-09-23,16:00:00,0.00,0.22,0.21,0.00,2.67,11.00,15.00,69.50,65.50,0.04,12.00,7.00,6.33,0.28,106.0,55.0,0.0,22.2,1.29,1624,3,134,116
2023-09-23,17:00:00,0.00,0.23,0.20,0.00,3.33,15.00,20.67,62.00,71.00,0.02,10.67,5.67,5.67,0.25,107.0,55.0,0.0,21.4,0.69,1615,7,134,102
2023-09-23,18:00:00,0.00,0.23,0.21,0.00,1.50,14.00,16.00,62.00,72.00,0.12,9.50,5.00,6.00,0.38,89.0,60.0,0.0,19.6,0.99,1590,1,143,121
2023-09-23,19:00:00,0.00,0.30,0.20,0.11,1.50,30.00,32.50,38.00,73.00,0.54,11.00,6.50,6.50,0.60,62.0,64.0,0.0,18.8,0.47,2084,3,168,131
2023-09-23,20:00:00,0.07,0.35,0.26,0.20,5.00,36.00,44.00,27.50,61.50,1.10,12.33,7.67,5.33,0.96,92.0,69.0,0.0,17.9,0.31,2113,4,109,106
2023-09-23,21:00:00,0.23,0.35,0.28,0.33,4.67,34.67,42.00,18.50,54.50,1.67,23.33,10.33,5.33,1.47,199.0,74.0,0.0,17.1,01.02,1631,4,111,109
2023-09-23,22:00:00,0.08,0.35,0.29,0.30,5.00,30.00,38.00,15.00,45.50,1.34,25.67,10.33,6.00,1.38,199.0,79.0,0.0,16.1,1.66,1350,5,59,86
2023-09-23,23:00:00,0.13,0.36,0.30,0.22,10.33,29.00,45.00,11.00,38.00,1.00,18.33,9.67,6.33,1.19,189.0,81.0,0.0,15.5,1.68,1286,2,45,86
2023-09-24,0:00:00,0.08,0.34,0.32,0.16,7.67,27.33,38.67,8.50,29.50,0.74,17.33,8.67,6.67,1.18,199.0,82.0,0.0,14.8,1.96,1240,3,39,83
2023-09-24,1:00:00,0.10,0.37,0.34,0.08,12.00,26.00,44.33,7.00,22.50,0.63,19.67,9.67,6.67,01.07,197.0,83.0,0.0,14.5,2.41,1162,1,31,68
2023-09-24,2:00:00,0.13,0.34,0.34,0.03,10.00,24.67,39.67,12.00,18.00,0.58,19.00,9.67,7.33,0.97,203.0,83.0,0.0,14.3,1.49,1147,2,33,81
2023-09-24,3:00:00,0.07,0.33,0.34,0.00,14.67,25.67,47.67,8.00,14.00,0.57,20.67,10.67,8.00,0.94,190.0,83.0,0.0,13.8,1.61,1104,2,24,85
2023-09-24,4:00:00,,0.33,0.34,,11.33,26.00,42.67,6.50,11.00,,19.00,10.00,9.00,,169.0,83.0,0.0,13.7,1.55,1061,1,57,63
2023-09-24,5:00:00,,0.30,0.33,,8.33,26.00,38.67,8.50,9.00,,15.33,8.33,9.33,,196.0,81.0,0.0,13.7,1.91,1076,3,46,81
2023-09-24,6:00:00,0.04,0.30,0.33,0.01,13.00,26.33,46.33,9.00,8.50,0.47,15.00,8.67,9.33,0.90,190.0,79.0,0.0,14.2,1.45,1100,1,54,72
2023-09-24,7:00:00,0.07,0.30,0.33,0.03,12.50,24.50,42.00,14.00,9.00,0.48,16.50,8.50,13.50,0.97,189.0,73.0,0.0,15.7,1.4,1163,4,50,95
2023-09-24,8:00:00,0.12,0.31,0.32,0.02,14.00,26.33,47.67,20.00,11.00,0.64,13.33,8.00,10.33,0.92,121.0,59.0,0.0,19.8,0.46,1231,0,107,138
2023-09-24,9:00:00,0.20,0.31,0.31,0.16,9.00,25.67,39.00,34.50,13.50,0.82,12.33,6.67,10.67,01.04,81.0,49.0,0.0,22.3,0.87,1061,0,85,110
2023-09-24,10:00:00,0.24,0.29,0.31,0.10,6.67,22.00,32.00,46.50,18.00,0.92,10.00,5.00,10.67,1.20,239.0,37.0,0.0,26.5,0.32,1136,2,84,113
2023-09-24,11:00:00,0.17,0.24,0.30,0.07,3.67,13.33,18.67,61.50,24.50,0.78,7.00,4.00,7.33,0.81,139.0,29.0,0.0,28.4,0.88,1382,3,82,120
2023-09-24,12:00:00,0.12,0.24,0.29,0.01,4.00,15.67,22.00,63.00,31.00,0.58,6.33,3.67,6.67,0.75,108.0,26.0,0.0,30.2,0.57,1369,0,102,105
2023-09-24,13:00:00,0.10,0.14,0.28,0.03,2.33,12.67,17.00,69.00,39.00,0.55,7.00,4.67,6.33,0.79,145.0,26.0,0.0,31.2,0.82,1467,4,104,89
2023-09-24,14:00:00,0.09,0.23,0.26,0.00,3.67,15.67,21.33,70.00,46.50,0.45,7.33,4.00,6.67,0.72,95.0,36.0,0.0,29.0,2.99,1483,3,110,102
2023-09-24,15:00:00,0.15,0.24,0.25,0.03,3.33,19.67,24.00,72.50,53.50,0.41,12.33,7.33,10.00,0.73,112.0,48.0,0.0,25.7,4.76,1376,3,107,95
2023-09-24,16:00:00,0.03,0.24,0.24,0.00,3.67,21.33,27.00,71.50,60.00,0.28,13.00,7.33,9.67,0.56,118.0,56.0,0.0,24.4,3.21,1406,5,119,91
2023-09-24,17:00:00,0.00,0.24,0.23,0.00,5.33,33.67,41.33,58.00,62.50,0.29,14.67,8.67,10.00,0.54,109.0,56.0,0.0,23.6,02.08,1244,4,112,81
2023-09-24,18:00:00,0.03,0.30,0.24,0.00,7.33,36.67,47.33,39.00,62.50,0.29,13.00,8.00,8.33,0.70,106.0,66.0,0.0,21.8,0.88,1736,5,142,99
2023-09-24,19:00:00,0.11,0.33,0.24,0.00,12.33,47.33,65.67,22.50,58.00,0.30,12.67,7.67,7.33,0.67,96.0,69.0,0.0,20.9,0.22,2282,8,136,163
2023-09-24,20:00:00,0.08,0.30,0.27,0.06,5.67,48.00,56.33,18.50,52.00,0.46,13.33,8.33,7.00,0.87,216.0,66.0,0.0,19.9,0.31,2013,13,125,112
2023-09-24,21:00:00,0.20,0.35,0.28,0.06,5.00,46.67,54.33,17.50,45.50,0.73,20.33,10.67,7.00,1.31,151.0,69.0,0.0,19.1,0.11,1603,6,104,83
2023-09-24,22:00:00,0.22,0.37,0.30,0.17,5.00,43.67,51.00,15.00,38.00,1.00,28.00,11.67,7.33,1.70,205.0,72.0,0.0,18.1,1.44,1282,6,99,79
2023-09-24,23:00:00,0.28,0.41,0.32,0.17,6.33,42.33,51.67,9.50,31.00,1.11,33.67,14.33,10.00,1.70,202.0,75.0,0.0,17.0,2.91,1090,6,39,68
2023-09-25,0:00:00,0.19,0.36,0.33,0.09,5.00,34.67,42.00,10.50,22.50,0.85,20.00,10.33,10.67,1.38,136.0,75.0,0.0,16.4,2.53,955,5,11,61
2023-09-25,1:00:00,0.11,0.36,0.35,0.12,8.33,38.00,50.67,7.00,19.50,0.79,20.00,10.00,11.67,1.24,139.0,76.0,0.0,15.9,2.28,824,2,21,50
2023-09-25,2:00:00,0.07,0.38,0.36,0.09,10.67,38.33,54.00,10.00,14.50,0.72,17.00,9.00,11.33,1.22,135.0,77.0,0.0,15.3,2.18,825,4,11,61
2023-09-25,3:00:00,0.13,0.36,0.37,0.11,12.67,34.67,53.67,6.50,12.00,0.63,21.33,11.33,11.33,1.16,134.0,77.0,0.0,14.9,02.03,869,1,14,45
2023-09-25,4:00:00,0.07,0.38,0.37,0.00,19.33,35.67,64.67,6.00,10.50,0.63,19.00,10.00,11.33,1.80,132.0,77.0,0.0,14.4,2.61,848,5,19,64
2023-09-25,5:00:00,,0.43,0.38,,40.00,38.33,100.00,6.00,8.50,,20.67,10.00,10.67,,131.0,78.0,0.0,14.1,1.97,902,2,41,59
2023-09-25,6:00:00,,0.45,0.39,,56.67,41.67,128.33,6.50,7.50,,29.67,13.00,12.33,,135.0,77.0,0.0,14.1,1.93,1197,5,79,75
2023-09-25,7:00:00,0.47,0.44,0.40,0.41,60.00,40.67,132.67,7.50,7.00,1.85,27.33,12.33,14.67,2.91,128.0,72.0,0.0,15.2,02.05,1908,3,195,212
2023-09-25,8:00:00,0.39,0.47,0.41,0.60,53.33,44.00,125.33,10.00,7.00,2.41,34.33,16.00,22.33,3.87,126.0,65.0,0.0,17.5,1.21,2504,2,293,381
2023-09-25,9:00:00,0.40,0.45,0.41,0.67,45.50,47.00,116.50,12.50,7.50,2.95,31.00,14.50,28.00,4.53,137.0,55.0,0.0,20.4,1.32,1853,8,216,381
2023-09-25,10:00:00,0.37,0.35,0.41,0.66,28.50,48.50,92.00,24.00,8.00,2.72,26.00,12.50,23.00,4.21,126.0,46.0,0.0,23.6,0.86,1577,3,190,346
2023-09-25,11:00:00,0.22,0.30,0.40,0.38,9.33,27.67,41.67,43.50,13.00,1.66,16.33,7.67,15.67,2.42,57.0,42.0,0.0,26.0,0.62,1495,4,230,376
2023-09-25,12:00:00,0.05,0.27,0.39,0.08,4.00,13.33,19.33,60.50,20.50,0.73,9.33,5.00,10.33,1.16,70.0,43.0,0.0,27.3,0.82,1661,1,192,279
2023-09-25,13:00:00,0.03,0.25,0.38,0.04,3.67,12.33,17.67,62.00,28.00,0.46,8.33,4.67,8.33,0.79,69.0,44.0,0.0,28.1,0.97,1697,2,239,265
2023-09-25,14:00:00,0.00,0.23,0.33,0.00,3.67,12.00,17.67,64.00,36.00,0.30,8.67,4.33,7.00,0.70,56.0,45.0,0.0,28.0,02.04,1977,5,247,284
2023-09-25,15:00:00,0.02,0.25,0.30,0.00,5.00,19.00,26.67,62.50,42.50,0.35,9.00,4.33,6.67,0.88,54.0,43.0,0.0,28.4,1.42,2109,4,237,328
2023-09-25,16:00:00,0.02,0.24,0.29,0.00,5.67,25.33,34.67,63.00,48.50,0.35,8.33,4.67,6.00,0.64,53.0,44.0,0.0,28.4,1.19,1792,3,243,257
2023-09-25,17:00:00,0.20,0.32,0.28,0.18,10.33,45.00,61.00,36.50,52.00,0.72,11.00,6.00,5.67,1.26,167.0,47.0,0.0,27.4,0.86,1944,5,205,246
2023-09-25,18:00:00,0.38,0.32,0.28,0.22,6.00,44.00,53.00,26.00,51.00,1.00,14.33,7.67,5.33,1.90,54.0,56.0,0.0,24.5,0.72,2156,7,181,200
2023-09-25,19:00:00,0.43,0.40,0.29,0.23,10.33,47.67,63.00,16.00,47.00,01.01,14.67,8.67,5.67,1.86,59.0,64.0,0.0,22.5,1.43,2241,5,197,228
2023-09-25,20:00:00,1.13,0.35,0.30,0.38,8.00,48.33,60.67,12.50,40.00,1.60,18.00,10.33,5.33,3.77,50.0,68.0,0.0,21.4,0.8,2091,10,167,173
2023-09-25,21:00:00,1.28,0.33,0.32,0.59,6.00,47.00,55.67,12.00,33.00,2.47,24.67,11.67,5.00,5.62,45.0,71.0,0.0,20.7,0.36,1483,5,129,106
2023-09-25,22:00:00,0.77,0.36,0.33,0.62,9.33,45.67,59.67,9.50,25.50,2.73,33.33,14.33,5.00,05.07,134.0,77.0,0.0,19.7,1.74,1256,4,86,93
2023-09-25,23:00:00,0.49,0.38,0.34,0.59,7.67,39.67,52.00,7.00,21.00,2.37,30.00,14.67,5.00,3.96,136.0,80.0,0.0,18.7,2.12,1076,4,30,75
2023-09-26,0:00:00,0.36,0.35,0.36,0.45,5.33,34.00,42.00,7.50,16.00,1.83,27.00,12.67,5.67,2.99,133.0,80.0,0.0,18.2,1.35,914,1,10,85
2023-09-26,1:00:00,0.27,0.37,0.37,0.42,13.00,35.00,55.33,6.50,13.00,1.69,24.67,12.33,5.67,2.73,130.0,81.0,0.0,17.6,1.58,947,1,12,84
2023-09-26,2:00:00,0.28,0.36,0.38,0.39,21.00,33.00,64.67,10.00,10.00,1.56,25.67,13.33,6.67,2.54,137.0,82.0,0.0,17.3,0.64,963,1,7,65
2023-09-26,3:00:00,0.30,0.37,0.36,0.35,20.67,32.67,64.33,6.00,8.50,1.44,25.67,13.00,6.67,2.64,128.0,82.0,0.0,17.0,1.19,880,1,10,70
2023-09-26,4:00:00,0.36,0.39,0.36,0.39,33.67,32.00,83.00,5.50,7.50,1.51,26.67,13.00,6.33,2.87,135.0,81.0,0.0,16.7,1.43,875,0,11,74
2023-09-26,5:00:00,0.39,0.41,0.37,0.41,49.33,33.00,108.33,8.00,7.00,1.64,30.33,13.67,6.67,3.16,137.0,82.0,0.0,16.0,1.86,996,2,21,72
2023-09-26,6:00:00,,0.47,0.39,,75.67,37.00,152.67,7.00,6.50,,27.67,12.67,7.00,,134.0,80.0,0.0,16.3,1.46,1265,1,87,113
2023-09-26,7:00:00,,0.57,0.42,,74.00,40.00,153.33,7.50,6.50,,34.33,14.33,7.33,,129.0,76.0,0.0,17.1,1.88,1919,6,188,193
2023-09-26,8:00:00,0.48,0.58,0.43,0.67,61.67,45.67,140.00,9.50,7.00,2.88,30.00,13.00,8.33,05.02,138.0,67.0,0.0,19.7,0.82,2783,7,301,431
2023-09-26,9:00:00,0.38,0.52,0.43,0.65,48.67,53.67,127.67,12.00,7.50,2.71,25.67,12.33,10.33,4.24,69.0,59.0,0.0,23.0,0.5,2017,5,189,376
2023-09-26,10:00:00,0.29,0.40,0.44,0.52,21.67,36.33,69.67,36.50,10.50,2.14,22.67,11.67,9.00,2.95,71.0,63.0,0.0,22.8,2.89,1911,8,225,441
2023-09-26,11:00:00,0.09,0.34,0.44,0.30,5.33,18.00,25.67,63.00,17.00,1.27,18.33,10.67,6.67,1.67,82.0,66.0,0.0,22.8,3.52,2102,9,258,423
2023-09-26,12:00:00,0.08,0.31,0.43,0.02,3.33,11.33,16.67,71.00,25.00,0.64,15.33,9.00,6.00,0.98,73.0,67.0,0.0,23.1,3.74,2400,2,227,398
2023-09-26,13:00:00,0.00,0.32,0.42,0.02,3.00,12.00,16.67,68.50,33.00,0.33,13.33,7.67,5.67,0.60,85.0,67.0,0.0,23.4,3.55,2594,11,207,364
2023-09-26,14:00:00,0.00,0.29,0.39,0.00,3.33,13.00,18.33,70.00,39.00,0.27,13.67,7.67,6.00,0.52,84.0,68.0,0.0,23.2,3.24,2368,8,217,304
2023-09-26,15:00:00,0.01,0.29,0.35,0.00,3.67,12.00,17.33,69.00,44.50,0.27,12.00,6.33,5.33,0.53,71.0,69.0,0.0,22.9,3.26,2347,8,257,327
2023-09-26,16:00:00,0.02,0.32,0.33,0.00,3.00,14.33,19.00,54.50,51.50,0.39,12.67,7.33,5.33,0.67,68.0,73.0,0.0,22.1,3.9,2284,5,246,327
2023-09-26,17:00:00,0.00,0.34,0.33,0.00,3.33,18.00,23.33,47.00,57.00,0.36,12.00,6.00,4.67,0.62,66.0,75.0,0.0,21.6,2.7,2925,14,288,309
2023-09-26,18:00:00,0.03,0.56,0.35,0.00,4.33,23.00,29.33,39.50,58.50,0.34,11.00,6.33,4.67,0.67,50.0,77.0,0.0,21.0,1.35,3367,9,269,284
2023-09-26,19:00:00,0.11,0.47,0.36,0.00,5.67,28.67,37.00,23.50,54.00,0.41,11.67,7.33,4.67,0.75,69.0,78.0,0.0,20.8,0.28,2995,8,206,243
2023-09-26,20:00:00,0.08,0.42,0.38,0.08,6.00,33.67,42.33,16.00,46.50,0.71,12.33,7.67,4.67,1.15,122.0,79.0,0.1,20.3,0.16,1857,12,120,116
2023-09-26,21:00:00,0.12,0.41,0.39,0.21,4.67,28.67,35.67,16.00,38.50,1.10,12.67,8.33,4.67,1.60,68.0,81.0,0.0,19.6,0.35,1417,7,119,97
2023-09-26,22:00:00,0.14,0.38,0.40,0.24,3.33,27.00,31.67,14.50,33.50,1.27,16.33,9.33,4.67,1.83,141.0,82.0,0.0,19.3,0.75,1304,1,91,74
2023-09-26,23:00:00,0.08,0.39,0.41,0.32,5.33,28.00,36.00,8.00,29.50,1.40,20.00,10.67,4.33,2.12,135.0,84.0,0.0,18.6,1.57,1158,0,37,54
2023-09-27,0:00:00,0.12,0.39,0.42,0.26,7.33,28.00,38.67,6.00,23.00,1.20,19.00,12.00,5.00,1.65,154.0,85.0,0.0,18.2,01.09,1110,1,18,61
2023-09-27,1:00:00,0.10,0.38,0.42,0.25,4.33,26.00,32.33,7.00,18.50,1.18,19.67,13.33,5.00,1.78,134.0,86.0,0.0,17.7,2.12,856,0,15,43
2023-09-27,2:00:00,0.21,0.38,0.39,0.26,6.67,25.33,35.67,11.00,13.50,1.26,23.00,16.00,5.33,2.00,121.0,86.0,0.0,17.4,1.67,922,1,16,53
2023-09-27,3:00:00,0.24,0.41,0.40,0.29,12.67,27.00,46.33,6.00,10.50,1.16,22.33,16.00,5.67,2.47,124.0,87.0,0.0,17.4,1.45,937,1,15,57
2023-09-27,4:00:00,0.29,0.44,0.39,0.14,13.67,31.67,52.33,6.00,9.00,0.96,19.67,14.67,6.00,1.90,134.0,85.0,0.0,17.7,1.26,990,1,29,69
2023-09-27,5:00:00,0.22,0.50,0.41,0.10,27.33,38.00,79.67,7.00,7.50,0.90,21.33,14.33,6.33,1.61,142.0,81.0,0.0,18.2,02.04,1166,0,37,79
2023-09-27,6:00:00,0.38,0.52,0.42,0.34,36.00,48.33,103.33,8.50,6.50,1.48,27.00,16.33,6.67,2.16,144.0,74.0,0.0,19.6,2.12,1343,1,86,106
2023-09-27,7:00:00,,0.53,0.44,,35.67,50.00,104.33,13.50,8.00,,35.67,21.00,7.00,,138.0,68.0,0.0,21.2,2.0,1940,3,209,191
2023-09-27,8:00:00,,0.39,0.44,,13.00,39.00,58.67,32.50,11.00,,25.00,12.67,7.67,,,,,,,2934,7,305,421
2023-09-27,9:00:00,0.18,0.35,0.45,0.77,10.00,32.00,47.00,42.50,15.00,2.96,18.67,8.33,6.67,3.83,171.0,49.0,0.0,26.1,3.18,2471,6,261,447
2023-09-27,10:00:00,0.18,0.32,0.45,0.88,7.67,29.67,40.67,46.00,18.00,3.50,17.67,8.33,7.00,4.20,169.0,41.0,0.0,28.2,3.1,2940,13,292,572
2023-09-27,11:00:00,0.16,0.33,0.43,0.64,7.00,28.33,38.67,55.00,24.00,2.55,16.33,8.00,6.33,2.93,148.0,43.0,0.0,28.9,2.6,2696,13,289,529
2023-09-27,12:00:00,0.30,0.33,0.42,0.46,5.00,15.67,22.67,61.00,31.50,1.94,27.00,11.33,5.67,2.40,333.0,57.0,0.0,25.8,6.24,2739,12,276,497
2023-09-27,13:00:00,0.10,0.32,0.40,0.10,3.33,13.67,19.00,66.50,39.00,0.91,22.00,10.33,5.67,0.96,338.0,57.0,0.0,24.6,5.38,2976,8,266,440
2023-09-27,14:00:00,0.02,0.24,0.35,0.04,2.33,11.67,15.67,80.00,45.50,0.47,13.00,7.33,5.67,0.58,333.0,47.0,0.0,24.9,05.02,2891,15,277,364
2023-09-27,15:00:00,0.00,0.23,0.32,0.00,3.33,14.67,20.00,67.00,53.00,0.27,10.00,5.67,5.67,0.42,332.0,46.0,0.0,24.6,3.35,2610,13,255,363
2023-09-27,16:00:00,0.00,0.28,0.29,0.05,5.67,22.33,31.00,57.00,57.50,0.65,10.33,6.00,5.33,0.79,20.0,50.0,0.0,24.5,0.9,2510,6,282,303
2023-09-27,17:00:00,0.00,0.31,0.29,0.00,6.33,33.00,42.67,41.00,58.00,0.35,9.67,6.00,5.67,0.66,120.0,51.0,0.0,24.2,1.48,3262,13,232,299
2023-09-27,18:00:00,0.11,0.35,0.30,0.27,5.67,38.00,46.67,33.50,56.50,1.23,11.00,6.67,5.00,1.83,131.0,57.0,0.0,22.9,1.35,3208,22,255,257
2023-09-27,19:00:00,0.16,0.43,0.31,0.23,10.33,42.67,58.33,20.00,52.00,1.29,12.33,7.67,5.67,1.88,146.0,61.0,0.0,21.9,0.97,2780,15,256,216
2023-09-27,20:00:00,0.31,0.40,0.32,0.42,8.00,44.00,56.33,12.00,46.00,1.71,14.67,8.67,5.00,2.52,134.0,66.0,0.0,20.7,1.83,1779,2,163,112
2023-09-27,21:00:00,0.13,0.36,0.33,0.33,6.00,37.00,46.00,13.00,38.50,1.69,14.33,7.67,5.00,2.36,148.0,69.0,0.0,19.9,1.39,1789,1,156,100
2023-09-27,22:00:00,0.13,0.36,0.34,0.35,6.67,35.33,45.67,11.00,33.50,1.53,17.33,8.33,5.00,2.16,124.0,72.0,0.0,19.0,1.59,1452,7,92,75
2023-09-27,23:00:00,0.14,0.35,0.35,0.35,10.67,33.33,49.67,7.50,27.00,1.56,18.33,8.33,5.67,2.33,133.0,74.0,0.0,18.5,1.66,1068,0,34,63
2023-09-28,0:00:00,0.16,0.34,0.36,0.39,10.00,31.33,45.67,8.50,20.00,1.56,15.33,8.33,6.33,2.22,133.0,76.0,0.0,17.9,1.98,876,0,24,51
2023-09-28,1:00:00,0.08,0.30,0.36,0.35,8.67,31.67,44.33,7.00,15.50,1.41,15.33,8.67,7.00,2.20,132.0,78.0,0.0,17.4,2.26,854,0,16,69
2023-09-28,2:00:00,0.15,0.33,0.35,0.32,16.00,30.67,54.67,10.00,11.50,1.40,18.33,10.33,7.33,1.96,135.0,79.0,0.0,17.0,02.02,809,1,11,54
2023-09-28,3:00:00,0.09,0.32,0.34,0.30,18.67,28.00,56.33,6.00,9.00,1.38,16.33,9.33,8.00,1.74,136.0,80.0,0.0,16.5,2.39,849,1,22,63
2023-09-28,4:00:00,0.10,0.35,0.34,0.17,26.33,29.00,69.00,6.00,8.00,1.18,15.00,7.33,8.00,2.28,134.0,80.0,0.0,16.3,1.78,870,0,24,41
2023-09-28,5:00:00,0.06,0.35,0.34,0.26,34.67,33.33,86.00,5.50,7.00,1.19,17.00,8.00,8.33,2.16,134.0,79.0,0.0,16.3,2.46,887,2,38,52
2023-09-28,6:00:00,0.34,0.37,0.34,0.32,39.67,35.33,95.67,6.50,6.50,1.41,20.67,9.33,8.67,2.18,129.0,78.0,0.0,16.7,2.1,1131,0,71,96
2023-09-28,7:00:00,0.28,0.39,0.34,0.45,41.67,36.33,100.00,10.00,6.50,1.98,22.67,9.00,8.67,3.45,128.0,72.0,0.0,18.1,2.5,1843,5,195,173
2023-09-28,8:00:00,,0.43,0.35,,42.00,41.00,105.00,16.00,8.00,,23.67,9.67,8.67,,134.0,63.0,0.0,21.3,02.01,2838,13,303,466
2023-09-28,9:00:00,,0.40,0.36,,33.67,44.00,94.33,24.50,10.00,,24.67,9.67,9.33,,172.0,48.0,0.0,26.0,0.76,1895,9,210,402
2023-09-28,10:00:00,0.17,0.29,0.35,0.50,10.00,23.33,38.33,44.50,14.50,2.15,12.33,6.00,8.33,03.02,198.0,40.0,0.0,28.7,0.88,1811,2,179,318
2023-09-28,11:00:00,0.01,0.24,0.35,0.12,7.00,16.67,27.67,54.50,20.00,0.79,8.67,4.33,7.67,01.09,271.0,38.0,0.0,29.7,1.38,1739,6,194,271
2023-09-28,12:00:00,0.02,0.27,0.34,0.17,7.67,24.33,36.00,56.50,24.50,0.86,14.00,6.67,7.33,1.26,297.0,50.0,0.0,26.3,3.94,1753,7,180,258
2023-09-28,13:00:00,0.06,0.21,0.33,0.20,4.00,23.00,28.50,71.00,29.50,01.07,18.00,8.00,11.50,1.59,302.0,47.0,0.0,26.9,3.67,2074,5,166,247
2023-09-28,14:00:00,0.04,0.19,0.27,0.23,4.00,19.00,25.00,75.00,50.00,1.17,18.50,8.50,16.50,1.60,312.0,41.0,0.0,28.4,3.38,2013,15,187,247
2023-09-28,15:00:00,0.00,0.18,0.25,0.05,2.00,13.50,16.50,81.00,59.00,0.52,13.50,5.00,9.00,0.81,302.0,41.0,0.0,27.9,3.99,1751,8,198,217
2023-09-28,16:00:00,0.02,0.20,0.22,0.03,2.00,23.50,26.50,72.00,66.00,0.62,16.50,8.50,8.00,01.02,307.0,43.0,0.0,27.1,3.46,1770,6,199,249
2023-09-28,17:00:00,0.00,0.18,0.21,0.10,1.50,21.50,23.50,77.00,71.00,0.67,15.50,8.00,8.00,01.07,310.0,47.0,0.0,25.9,2.66,1882,5,206,226
2023-09-28,18:00:00,0.02,0.21,0.21,0.03,1.00,22.00,23.50,63.00,72.00,0.55,11.50,7.50,7.50,1.00,301.0,56.0,0.0,24.2,1.5,2178,12,185,225
2023-09-28,19:00:00,0.05,0.32,0.23,0.11,1.50,41.00,43.00,44.00,69.00,0.80,16.00,10.00,6.00,1.30,283.0,58.0,0.0,23.3,0.31,2504,8,186,212
2023-09-28,20:00:00,0.28,0.39,0.25,0.28,1.50,46.00,48.00,22.00,63.00,1.39,17.00,9.50,5.50,2.50,91.0,60.0,0.0,22.4,0.14,1726,3,129,135
2023-09-28,21:00:00,0.27,0.46,0.28,0.38,2.50,50.00,54.00,13.00,56.00,1.83,22.00,11.50,6.00,3.11,163.0,63.0,0.0,21.5,0.62,1335,6,103,89
2023-09-28,22:00:00,0.40,0.47,0.32,0.55,7.00,50.50,60.50,6.00,47.00,2.47,26.50,15.50,6.00,3.84,133.0,68.0,0.0,20.4,02.04,1269,3,79,106
2023-09-28,23:00:00,0.30,0.44,0.35,0.55,4.00,42.50,48.00,7.00,38.00,2.38,20.00,12.50,7.00,3.30,137.0,71.0,0.0,19.6,2.13,1056,4,29,85
2023-09-29,0:00:00,0.31,0.44,0.38,0.52,5.00,40.00,48.00,4.00,30.00,2.10,25.00,15.50,8.50,3.11,135.0,73.0,0.0,19.1,1.57,924,1,10,80
2023-09-29,1:00:00,0.30,0.45,0.41,0.43,4.00,40.00,46.00,2.00,23.00,1.85,22.00,13.50,9.00,2.98,234.0,74.0,0.0,18.7,0.46,878,0,8,70
2023-09-29,2:00:00,0.20,0.43,0.43,0.33,9.00,38.00,51.50,,14.00,1.57,23.50,15.00,9.00,2.54,22.0,74.0,0.0,18.4,0.17,852,2,10,77
2023-09-29,3:00:00,0.17,0.41,0.43,0.37,20.50,35.00,66.00,1.00,8.00,1.65,29.50,19.00,8.50,2.79,134.0,77.0,0.0,18.0,1.22,768,3,5,85
2023-09-29,4:00:00,0.30,0.40,0.44,0.52,29.00,34.50,79.00,2.00,5.00,02.08,28.00,18.00,11.00,4.31,129.0,79.0,0.0,17.3,1.62,808,1,14,64
2023-09-29,5:00:00,0.30,0.44,0.43,0.46,39.00,36.00,95.00,2.00,3.00,1.79,31.00,17.00,12.00,3.33,139.0,79.0,0.0,17.1,1.65,876,1,30,84
2023-09-29,6:00:00,0.35,0.47,0.44,0.50,61.50,38.50,133.00,3.00,3.00,02.05,38.50,18.00,12.00,3.44,137.0,80.0,0.0,17.0,1.91,1074,1,70,115
2023-09-29,7:00:00,0.50,0.50,0.45,0.78,59.00,38.50,129.50,3.00,2.00,3.21,32.50,18.50,13.00,05.04,133.0,76.0,0.0,18.1,1.61,1792,5,173,238
2023-09-29,8:00:00,0.42,0.52,0.45,01.06,60.67,41.67,134.67,9.00,2.00,4.28,32.67,18.00,11.67,8.10,112.0,68.0,0.0,20.5,1.0,2677,5,267,414
2023-09-29,9:00:00,,0.45,0.45,,41.67,47.67,110.67,15.50,4.00,,31.00,15.33,12.33,,58.0,62.0,0.0,23.3,0.52,1882,5,226,380
2023-09-29,10:00:00,,0.40,0.44,,12.33,32.33,51.00,38.00,9.00,,18.00,9.67,9.67,,223.0,57.0,0.0,25.9,0.11,1729,4,169,300
2023-09-29,11:00:00,0.14,0.36,0.43,0.43,8.00,23.33,35.67,55.00,17.00,1.72,14.33,9.00,8.00,2.44,123.0,54.0,0.0,26.5,0.81,1649,7,226,330
2023-09-29,12:00:00,0.04,0.34,0.42,0.23,5.00,15.67,23.67,79.00,27.00,01.03,12.33,8.00,7.67,1.90,126.0,49.0,0.0,28.1,0.65,1828,5,190,282
2023-09-29,13:00:00,0.03,0.34,0.41,0.06,5.33,19.67,28.00,71.00,37.00,0.51,13.67,8.33,7.67,01.03,319.0,53.0,0.0,28.0,2.41,2003,11,186,283
2023-09-29,14:00:00,0.00,0.29,0.39,0.17,4.00,13.67,20.33,64.50,40.00,0.62,11.33,6.67,6.67,0.79,342.0,56.0,0.0,27.5,2.1,2506,9,189,239
2023-09-29,15:00:00,0.00,0.29,0.36,0.00,5.00,16.33,23.67,62.00,46.00,0.31,11.33,6.00,6.00,0.53,330.0,57.0,0.0,27.2,2.53,2191,11,190,224
2023-09-29,16:00:00,0.00,0.27,0.33,0.00,4.33,14.33,20.33,65.00,53.00,0.27,11.00,6.67,6.67,0.50,350.0,58.0,0.0,27.2,1.41,1804,8,216,232
2023-09-29,17:00:00,0.00,0.27,0.32,0.00,3.00,14.67,19.00,61.50,59.00,0.29,10.67,6.67,5.67,0.53,34.0,64.0,0.0,24.9,1.22,1957,3,174,192
2023-09-29,18:00:00,0.01,0.28,0.30,0.00,3.00,21.67,26.67,44.50,61.00,0.54,10.67,7.00,5.00,0.74,345.0,70.0,0.0,23.1,1.44,2264,3,180,225
2023-09-29,19:00:00,0.02,0.33,0.29,0.09,4.33,35.67,42.00,21.50,58.00,0.65,12.00,8.00,5.00,0.82,300.0,76.0,0.0,22.0,2.44,2480,6,195,225
2023-09-29,20:00:00,0.03,0.33,0.30,0.15,4.00,33.00,38.33,22.00,52.50,01.07,13.67,9.00,5.00,1.17,296.0,78.0,0.0,21.3,2.4,1824,12,126,136
2023-09-29,21:00:00,0.04,0.37,0.30,0.17,5.00,34.67,41.33,15.00,45.50,1.00,14.00,9.67,5.00,1.24,295.0,80.0,0.0,20.9,1.16,1636,11,103,110
2023-09-29,22:00:00,0.25,0.40,0.32,0.32,6.33,38.67,48.00,13.50,39.00,1.45,16.33,11.67,4.67,2.40,137.0,81.0,0.0,20.7,1.64,1325,8,81,78
2023-09-29,23:00:00,0.24,0.41,0.33,0.36,4.33,33.67,40.00,10.50,34.00,1.76,18.67,12.67,4.33,2.54,112.0,83.0,0.0,20.0,1.5,1150,5,51,91
2023-09-30,0:00:00,0.11,0.38,0.35,0.31,6.67,31.67,41.00,8.00,27.00,1.51,17.67,11.67,5.00,2.10,136.0,83.0,0.0,19.7,1.52,1120,0,42,99
2023-09-30,1:00:00,0.16,0.39,0.36,0.40,8.00,31.67,43.33,6.50,20.50,1.76,21.67,14.67,4.67,2.42,133.0,84.0,0.0,19.3,1.51,925,0,43,78
2023-09-30,2:00:00,0.16,0.38,0.38,0.34,8.67,26.00,39.00,11.00,14.50,1.61,21.33,14.33,5.67,2.20,133.0,85.0,0.0,18.7,1.82,908,0,26,52
2023-09-30,3:00:00,0.04,0.38,0.38,0.33,16.00,25.67,49.33,6.00,11.50,1.52,24.67,15.00,6.33,02.07,133.0,86.0,0.0,18.4,1.2,977,1,24,48
2023-09-30,4:00:00,0.07,0.37,0.39,0.23,13.33,26.00,46.00,6.00,9.00,1.39,22.00,15.67,6.33,1.95,127.0,86.0,0.0,18.0,1.93,853,1,24,56
2023-09-30,5:00:00,0.09,0.38,0.38,0.30,19.33,27.33,56.67,5.50,8.00,1.21,24.33,19.33,6.67,1.89,132.0,87.0,0.0,17.9,1.7,845,2,29,65
2023-09-30,6:00:00,0.08,0.37,0.38,0.25,24.33,26.67,63.00,7.00,7.00,1.17,23.33,18.33,7.00,1.94,143.0,87.0,0.0,17.8,1.52,910,2,38,81
2023-09-30,7:00:00,0.08,0.39,0.38,0.33,28.00,25.33,68.00,7.50,6.50,1.32,23.00,16.00,7.00,1.98,126.0,82.0,0.0,19.4,1.5,1071,2,67,94
2023-09-30,8:00:00,0.18,0.40,0.38,0.44,22.67,25.67,60.00,12.00,7.00,1.66,19.33,13.67,7.33,1.74,133.0,74.0,0.0,21.2,2.23,1439,2,113,163
2023-09-30,9:00:00,0.21,0.38,0.38,0.41,14.00,24.67,46.33,20.50,8.50,1.47,18.67,11.33,6.33,1.80,135.0,66.0,0.0,23.7,02.03,1237,0,115,170
2023-09-30,10:00:00,,0.39,0.38,,10.33,22.67,38.00,31.50,11.50,,19.33,10.67,6.00,,110.0,58.0,0.0,26.7,1.45,1252,3,109,134
2023-09-30,11:00:00,,0.35,0.38,,6.33,20.33,30.00,59.00,15.50,,17.00,10.33,6.33,,104.0,50.0,0.0,29.8,0.83,1416,2,116,146
2023-09-30,12:00:00,0.09,0.37,0.38,0.29,5.33,20.67,28.67,62.50,22.50,0.98,15.33,9.33,6.67,1.45,294.0,48.0,0.0,30.8,1.46,1621,8,130,159
2023-09-30,13:00:00,0.25,0.41,0.38,0.26,4.33,25.33,32.33,76.00,31.50,01.08,17.00,10.67,7.67,1.57,293.0,55.0,0.0,29.2,3.22,1651,9,125,139
2023-09-30,14:00:00,0.21,0.38,0.38,0.32,4.00,31.00,37.33,80.50,41.00,1.16,19.00,13.00,6.67,1.64,295.0,55.0,0.0,29.3,3.2,1682,6,117,136
2023-09-30,15:00:00,0.16,0.35,0.37,0.25,4.33,34.00,40.33,74.00,50.00,01.01,19.67,13.00,6.67,1.52,301.0,55.0,0.0,29.1,3.28,1453,2,121,131
2023-09-30,16:00:00,0.08,0.34,0.37,0.23,6.00,43.00,51.33,57.50,57.00,0.86,18.33,12.67,7.33,1.33,288.0,59.0,0.0,28.3,2.25,1266,1,139,117
2023-09-30,17:00:00,0.23,0.46,0.38,0.35,11.67,68.33,86.33,34.00,59.50,1.41,20.33,13.67,6.33,1.89,271.0,63.0,0.0,27.7,1.2,1471,5,147,160
2023-09-30,18:00:00,0.44,0.47,0.39,0.49,9.33,64.67,78.33,20.50,58.00,02.05,20.00,14.00,6.00,2.99,273.0,67.0,0.0,26.3,0.62,1646,6,153,115
2023-09-30,19:00:00,0.51,0.47,0.41,0.46,9.33,61.67,75.33,19.00,54.00,02.02,19.33,14.00,5.33,3.11,155.0,70.0,0.0,25.5,01.02,2139,4,139,133
2023-09-30,20:00:00,0.57,0.51,0.42,0.62,9.00,57.00,70.33,14.00,48.50,2.56,21.67,16.00,5.00,3.92,135.0,74.0,0.0,24.3,1.77,1700,7,95,71
2023-09-30,21:00:00,0.53,0.48,0.43,0.57,10.33,44.67,60.33,12.50,41.00,2.49,24.00,16.33,5.00,3.81,138.0,76.0,0.0,23.1,2.12,1551,2,93,93
2023-09-30,22:00:00,0.39,0.44,0.45,0.40,11.00,44.33,60.67,9.50,32.00,02.06,21.00,14.33,5.33,3.38,138.0,76.0,0.0,22.3,1.98,1213,7,59,59
2023-09-30,23:00:00,0.33,0.45,0.46,0.41,11.00,44.33,60.00,6.50,23.00,1.75,19.33,12.33,5.33,2.98,136.0,77.0,0.0,21.6,2.4,1267,3,50,73
2023-10-01,0:00:00,0.20,0.39,0.46,0.29,8.00,41.33,53.00,7.00,16.00,1.36,17.33,10.67,6.00,2.50,135.0,77.0,0.0,21.0,2.39,1171,0,24,78
2023-10-01,1:00:00,0.12,0.35,0.45,0.26,6.67,37.33,47.00,7.00,12.50,1.29,16.67,10.33,6.67,2.25,135.0,76.0,0.0,20.5,2.23,1022,3,38,65
2023-10-01,2:00:00,0.10,0.33,0.43,0.26,5.00,34.67,42.00,12.00,11.00,1.27,16.67,10.33,7.00,2.23,133.0,76.0,0.0,20.0,2.2,998,2,31,51
2023-10-01,3:00:00,0.05,0.33,0.42,0.22,6.33,38.33,48.00,7.50,10.00,1.24,16.67,10.00,7.67,2.17,137.0,76.0,0.0,19.6,2.86,926,0,33,27
2023-10-01,4:00:00,0.02,0.33,0.39,0.19,8.67,38.67,51.33,8.00,9.00,1.10,16.33,10.00,9.67,1.88,138.0,76.0,0.0,19.4,2.59,948,1,28,29
2023-10-01,5:00:00,0.03,0.31,0.36,0.16,8.00,38.67,50.33,8.00,8.00,0.97,15.67,9.67,9.67,1.65,136.0,75.0,0.0,19.2,2.77,942,0,30,41
2023-10-01,6:00:00,0.04,0.32,0.35,0.06,14.33,37.33,59.00,9.50,7.50,0.82,17.33,9.67,11.00,1.44,137.0,74.0,0.0,19.3,2.62,968,0,41,51
2023-10-01,7:00:00,0.05,0.38,0.34,0.03,17.67,34.67,61.67,14.50,9.00,0.81,17.67,11.00,11.67,1.36,131.0,68.0,0.0,20.8,2.65,1061,2,64,56
2023-10-01,8:00:00,0.08,0.35,0.34,0.08,19.33,35.33,64.67,18.00,10.00,0.86,20.00,11.67,13.33,1.33,138.0,61.0,0.0,22.9,2.23,1276,4,110,110
2023-10-01,9:00:00,0.06,0.34,0.33,0.07,13.33,37.00,57.33,26.00,12.00,0.87,18.67,10.67,14.00,1.32,240.0,50.0,0.0,26.6,0.3,1159,7,93,110
2023-10-01,10:00:00,0.07,0.33,0.33,0.19,12.67,37.33,56.00,47.00,15.00,0.92,17.33,10.00,14.67,1.40,139.0,41.0,0.0,30.3,0.47,1263,0,101,107
2023-10-01,11:00:00,,0.32,0.33,,6.67,31.00,40.67,56.50,20.50,,16.67,9.67,14.33,,301.0,41.0,0.0,30.5,1.81,1410,1,100,108
2023-10-01,12:00:00,,0.29,0.33,,3.67,23.00,28.67,79.50,29.50,,16.00,10.00,12.67,,307.0,47.0,0.0,28.5,4.42,1729,4,137,122
2023-10-01,13:00:00,0.00,0.27,0.32,0.04,1.67,12.00,15.00,96.00,40.50,0.52,14.67,9.00,10.67,0.89,309.0,53.0,0.0,27.4,3.86,1541,8,120,126
2023-10-01,14:00:00,0.00,0.30,0.32,0.00,1.67,12.00,14.33,95.00,52.00,0.27,15.00,10.33,9.67,0.62,308.0,56.0,0.0,26.9,3.83,1638,17,105,135
2023-10-01,15:00:00,0.04,0.30,0.31,0.00,2.00,15.33,18.33,93.50,62.50,0.24,14.67,10.00,9.00,0.56,300.0,57.0,0.0,26.6,3.31,1363,7,101,100
2023-10-01,16:00:00,0.01,0.32,0.31,0.00,2.00,20.67,23.67,86.00,72.00,0.30,15.33,11.00,8.33,0.70,307.0,60.0,0.0,26.0,3.27,1225,4,122,95
2023-10-01,17:00:00,0.01,0.42,0.32,0.02,2.33,28.33,32.00,72.50,79.00,0.40,16.33,12.67,6.67,0.76,307,78,0,23,3,1553,0,129,103
2023-10-01,18:00:00,0.12,0.46,0.34,0.12,3.33,35.67,41.00,52.50,79.00,0.73,20.00,17.67,6.00,1.28,285.0,86.0,0.0,21.2,1.94,1883,4,121,145
2023-10-01,19:00:00,0.23,0.48,0.35,0.11,3.67,43.00,48.00,35.00,77.00,0.97,26.33,23.67,5.00,1.48,282.0,88.0,0.0,21.1,0.82,2493,8,127,137
2023-10-01,20:00:00,0.27,0.52,0.39,0.09,7.67,51.33,63.00,14.00,70.00,01.09,24.67,21.00,4.67,1.77,332.0,88.0,0.0,21.3,0.11,1998,9,114,96
2023-10-01,21:00:00,0.36,0.49,0.41,0.25,6.33,52.00,61.33,15.00,60.00,1.28,24.00,19.00,5.00,2.13,143.0,83.0,0.0,21.7,02.01,1440,4,76,79
2023-10-01,22:00:00,0.39,0.44,0.43,0.34,4.33,41.67,48.00,18.00,50.50,1.56,24.33,16.67,5.33,2.75,138.0,78.0,0.0,21.6,1.84,1194,8,75,53
2023-10-01,23:00:00,0.28,0.42,0.45,0.25,2.67,33.67,37.00,22.00,42.00,1.30,24.67,16.33,5.00,2.27,146.0,78.0,0.0,21.2,1.69,988,8,34,36
2023-10-02,0:00:00,0.20,0.38,0.46,0.20,1.67,34.00,36.67,21.00,34.00,01.08,23.33,15.33,5.00,2.34,136.0,79.0,0.0,20.9,02.09,924,1,23,20
2023-10-02,1:00:00,0.18,0.37,0.45,0.24,1.67,32.33,35.00,20.00,26.50,1.19,21.00,15.00,5.33,2.56,139.0,79.0,0.0,20.7,1.76,837,0,12,15
2023-10-02,2:00:00,0.11,0.39,0.45,0.11,2.67,34.67,38.67,20.00,20.00,01.05,23.00,16.00,5.67,02.09,140.0,78.0,0.0,20.5,1.51,791,1,7,17
2023-10-02,3:00:00,0.08,0.40,0.43,0.16,5.33,40.67,48.67,10.00,16.50,0.99,23.00,16.00,6.67,1.85,149.0,77.0,0.0,20.3,1.65,870,1,20,18
2023-10-02,4:00:00,0.16,0.41,0.41,0.16,11.33,43.00,59.67,8.00,15.50,1.10,22.67,15.00,8.33,02.04,153.0,75.0,0.0,20.3,1.48,814,0,16,29
2023-10-02,5:00:00,0.12,0.46,0.40,0.20,30.33,49.67,96.00,6.50,14.00,1.21,27.67,16.67,9.00,2.36,140.0,73.0,0.0,20.3,2.31,918,0,28,50
2023-10-02,6:00:00,0.41,0.54,0.42,0.45,61.00,56.67,150.33,7.00,12.50,2.12,32.00,18.33,11.00,3.95,145.0,71.0,0.0,20.7,1.68,1147,2,76,80
2023-10-02,7:00:00,0.62,0.67,0.45,0.76,72.67,60.00,171.33,10.50,12.00,3.50,41.67,20.33,13.00,6.18,136.0,63.0,0.0,23.0,01.06,1791,4,169,168
2023-10-02,8:00:00,0.63,0.55,0.46,0.97,58.67,64.67,154.00,15.50,11.00,4.37,43.67,19.33,17.00,06.08,148.0,51.0,0.0,26.0,1.7,2500,10,267,414
2023-10-02,9:00:00,0.35,0.36,0.47,0.88,23.33,48.33,83.67,56.00,10.00,3.93,31.33,12.67,17.67,4.96,282.0,42.0,0.0,29.2,0.5,1927,4,209,438
2023-10-02,10:00:00,0.20,0.30,0.45,0.51,18.33,37.00,65.00,48.00,17.50,2.27,21.33,9.33,13.00,2.82,282.0,36.0,0.0,31.3,0.83,1550,7,203,373
2023-10-02,11:00:00,0.22,0.27,0.44,0.45,6.33,25.00,35.33,64.00,24.00,1.77,18.00,8.67,9.67,2.22,130.0,31.0,0.0,33.3,2.42,1565,5,199,358
2023-10-02,12:00:00,,0.28,0.42,,6.33,26.67,36.33,68.50,31.00,,17.00,8.33,8.00,,123.0,29.0,0.0,34.6,2.15,1635,6,201,336
2023-10-02,13:00:00,,0.21,0.40,,5.67,28.33,36.67,76.50,40.00,,18.33,8.00,7.33,,145.0,25.0,0.0,36.3,02.07,1780,9,190,294
2023-10-02,14:00:00,0.19,0.27,0.36,0.34,4.67,28.00,35.67,77.00,49.00,1.35,29.00,9.67,7.00,1.69,315.0,39.0,0.0,32.7,2.22,1927,8,215,268
2023-10-02,15:00:00,0.03,0.30,0.32,0.12,4.33,16.00,22.67,63.50,57.00,0.66,28.00,16.67,7.00,0.97,335.0,76.0,0.0,22.9,5.57,1817,3,207,276
2023-10-02,16:00:00,0.03,0.30,0.29,0.00,3.33,12.00,16.67,57.00,62.50,0.24,19.00,13.67,6.33,0.47,341.0,81.0,0.0,21.5,5.3,1835,3,242,311
2023-10-02,17:00:00,0.00,0.37,0.29,0.00,3.00,14.33,18.33,62.50,63.50,0.22,21.67,17.00,5.67,0.40,341.0,80.0,0.0,21.6,3.48,2639,14,235,318
2023-10-02,18:00:00,0.03,0.33,0.29,0.00,2.00,19.33,22.33,55.50,65.00,0.28,21.67,16.67,5.67,0.50,312.0,72.0,0.0,22.3,3.58,3149,13,289,330
2023-10-02,19:00:00,0.06,0.28,0.29,0.00,1.33,12.67,14.67,63.50,65.00,0.29,17.00,11.67,5.67,0.48,312.0,70.0,0.0,21.8,3.27,2676,12,199,269
2023-10-02,20:00:00,0.00,0.28,0.29,0.00,1.67,17.67,20.33,53.00,64.00,0.22,16.00,12.00,5.33,0.48,300.0,72.0,0.0,21.4,01.01,1614,11,137,122
2023-10-02,21:00:00,0.00,0.30,0.30,0.00,1.33,22.00,24.00,43.50,60.50,0.28,17.00,12.67,5.00,0.75,148.0,73.0,0.0,21.1,0.41,1401,10,134,83
2023-10-02,22:00:00,0.08,0.34,0.32,0.06,1.67,22.00,24.33,39.50,56.00,0.78,20.33,14.33,5.00,1.43,131.0,76.0,0.0,20.6,2.13,1182,5,102,97
2023-10-02,23:00:00,0.03,0.34,0.33,0.08,1.33,18.00,20.00,36.00,53.00,0.76,21.00,16.00,5.00,1.41,145.0,78.0,0.0,20.0,1.48,939,0,40,56
2023-10-03,0:00:00,0.07,0.36,0.33,0.07,1.33,20.00,22.00,28.50,49.00,0.85,24.33,17.33,5.33,1.60,136.0,79.0,0.0,19.6,2.12,912,1,28,53
2023-10-03,1:00:00,0.03,0.35,0.33,0.20,1.67,19.67,22.00,24.00,46.00,01.08,24.67,17.67,5.33,1.84,135.0,80.0,0.0,19.2,1.96,762,2,23,73
2023-10-03,2:00:00,0.05,0.36,0.33,0.27,2.00,22.33,25.33,30.00,41.50,1.27,24.00,17.00,5.67,1.94,135.0,81.0,0.0,18.8,1.93,748,0,26,55
2023-10-03,3:00:00,0.09,0.38,0.34,0.26,5.33,31.67,39.67,10.50,34.00,1.28,29.67,20.67,6.33,2.66,139,85,0.0,18.5,1.9,762,0,21,45
2023-10-03,4:00:00,0.03,0.36,0.35,0.25,6.67,35.00,45.33,8.50,27.00,1.28,25.67,17.67,6.00,03.07,143,84,0.0,18.8,1.54,788,0,24,53
2023-10-03,5:00:00,0.06,0.39,0.36,0.23,18.33,40.00,67.67,6.00,22.00,1.14,24.00,16.67,6.33,2.36,178,84,0.0,18.8,0.64,919,1,41,50
2023-10-03,6:00:00,0.12,0.44,0.38,0.26,35.33,42.67,96.67,5.50,17.00,1.28,29.33,18.00,8.00,2.41,269,87,0.0,18.4,1.66,1168,2,75,91
2023-10-03,7:00:00,0.25,0.47,0.39,0.40,45.00,44.00,113.00,6.50,14.00,1.84,34.67,20.33,7.33,3.12,249,89,0.0,18.4,1.6,1946,8,181,189
2023-10-03,8:00:00,0.40,0.49,0.40,0.74,52.67,46.00,126.67,2.00,11.50,03.08,44.00,23.00,7.00,5.41,236,88,0.0,18.8,1.55,2823,6,301,355
2023-10-03,9:00:00,0.43,0.53,0.42,0.96,42.00,46.50,111.50,10.50,10.50,4.33,45.33,23.00,7.67,5.58,271,87,0.0,19.3,1.14,2743,12,314,455