Fecha,Hora,CO,O3,PM10,"PM2,5",SO2,SpeedWind,DirecWind,Temp,Humid,Precip,Car,Motorcycle,Bus,Truck
13/09/2023,11:00,0.3,61.27272727272727,10.727272727272727,6.285714285714286,1.25,1.51,20,21.2,66,0,1068,52,142,210
13/09/2023,12:00,0.275,72.27272727272727,11.363636363636363,6.571428571428571,1.25,1.54,49,22.5,61,0,1290,15,185,184
13/09/2023,13:00,0.275,81.81818181818181,11.181818181818182,7.0,1.25,1.46,54,23.9,55,0,1131,48,140,143
13/09/2023,14:00,0.275,95.16666666666667,8.181818181818182,5.285714285714286,1.0,1.11,30,25.7,49,0,1251,70,182,122
13/09/2023,15:00,0.25,104.76923076923077,6.0,3.2857142857142856,1.0,0.94,51,26.7,43,0,1214,46,161,107
13/09/2023,16:00,0.25,109.46153846153847,8.272727272727273,5.285714285714286,1.0,0.95,51,27.3,40,0,758,31,112,101
13/09/2023,17:00,0.25,110.53846153846153,9.272727272727273,5.714285714285714,1.0,0.8,43,27.6,38,0,1211,61,152,114
13/09/2023,18:00,0.275,108.53846153846153,8.454545454545455,4.5,1.0,0.65,16,27.6,39,0,1237,95,169,87
13/09/2023,19:00,0.3,98.07692307692308,8.454545454545455,4.166666666666667,1.0,0.48,3,27.3,39,0,1081,69,120,52
13/09/2023,20:00,0.45,71.38461538461539,9.909090909090908,4.666666666666667,1.0,0.35,6,24.7,47,0,1312,62,134,32
13/09/2023,21:00,0.55,40.92307692307692,12.333333333333334,5.428571428571429,1.0,0.35,6,22,54,0,754,15,59,26
13/09/2023,22:00,0.55,36.53846153846154,15.333333333333334,8.857142857142858,1.0,0.42,6,21.2,55,0,960,20,80,43
13/09/2023,23:00,0.375,46.84615384615385,13.333333333333334,7.714285714285714,1.0,0.57,3,20.7,62,0,673,18,46,23
14/09/2023,0:00,0.3,51.46153846153846,10.833333333333334,7.571428571428571,1.0,0.93,6,20,65,0,716,22,64,26
14/09/2023,1:00,0.22499999999999998,57.30769230769231,8.666666666666666,6.0,1.0,0.68,4,19,69,0,584,28,48,29
14/09/2023,2:00,0.22499999999999998,58.38461538461539,6.5,4.285714285714286,1.25,0.56,6,18.4,72,0,505,33,88,44
14/09/2023,3:00,0.22499999999999998,55.07692307692308,6.916666666666667,4.714285714285714,1.25,0.45,4,17.8,75,0,333,33,41,35
14/09/2023,4:00,0.22499999999999998,52.84615384615385,6.75,4.285714285714286,1.25,0.44,6,17.3,77,0,336,27,39,27
14/09/2023,5:00,0.22499999999999998,50.15384615384615,8.0,5.857142857142857,1.25,0.48,1,17.2,77,0,368,23,49,28
14/09/2023,6:00,0.22499999999999998,45.61538461538461,7.916666666666667,5.142857142857143,1.25,0.43,5,17.6,77,0,614,37,91,63
14/09/2023,7:00,0.275,33.92307692307692,10.416666666666666,6.285714285714286,1.25,0.45,5,17.7,78,0,1007,49,170,113
14/09/2023,8:00,0.375,23.46153846153846,13.916666666666666,6.571428571428571,1.25,0.55,29,18,78,0,1506,52,228,229
14/09/2023,9:00,0.375,25.666666666666668,19.333333333333332,9.142857142857142,1.25,0.65,10,18.6,77,0,1128,40,194,198
14/09/2023,10:00,0.35,33.90909090909091,19.6,7.0,1.25,0.58,23,19.7,75,0,1598,64,209,304
14/09/2023,11:00,0.325,52.09090909090909,19.363636363636363,8.333333333333334,1.25,0.74,8,21.3,71,0,1355,143,179,274
14/09/2023,12:00,0.26666666666666666,70.54545454545455,20.75,12.0,1.0,0.96,43,23.1,66,0,1377,82,174,227
14/09/2023,13:00,0.25,82.0909090909091,21.916666666666668,12.285714285714286,1.0,0.82,14,24.6,61,0,1557,89,187,214
14/09/2023,14:00,0.19999999999999998,88.41666666666667,24.083333333333332,14.142857142857142,1.0,0.95,66,25.4,59,0,1247,100,169,112
14/09/2023,15:00,0.2333333333333333,89.5,25.25,15.142857142857142,1.0,1.18,33,26.5,56,0,1514,103,172,140
14/09/2023,16:00,0.22499999999999998,89.83333333333333,24.083333333333332,14.142857142857142,1.0,0.86,61,27.1,55,0,1132,104,148,113
14/09/2023,17:00,0.26666666666666666,86.91666666666667,24.416666666666668,13.285714285714286,1.0,01.08,102,26.8,55,0,1600,103,212,153
14/09/2023,18:00,0.22499999999999998,85.46153846153847,27.666666666666668,15.285714285714286,1.0,0.82,28,26.8,54,0,1490,120,172,122
14/09/2023,19:00,0.25,78.92307692307692,26.25,13.714285714285714,1.0,0.45,5,27.4,52,0,999,81,111,64
14/09/2023,20:00,0.325,63.15384615384615,26.666666666666668,12.857142857142858,1.0,0.37,34,25.2,60,0,1473,149,156,65
14/09/2023,21:00,0.475,41.46153846153846,30.0,14.285714285714286,1.0,0.37,159,23.2,65,0,632,50,60,15
14/09/2023,22:00,0.4,36.30769230769231,31.666666666666668,14.285714285714286,1.0,0.39,63,23.6,63,0,812,66,74,35
14/09/2023,23:00,0.325,44.23076923076923,28.25,13.142857142857142,1.0,0.42,34,23.1,65,0,623,43,47,23
15/09/2023,0:00,0.22499999999999998,57.53846153846154,26.333333333333332,12.0,1.0,0.71,27,22.2,70,0,770,40,46,22
15/09/2023,1:00,0.2,69.61538461538461,24.833333333333332,13.0,1.0,1.56,109,21.9,70,0,370,20,40,21
15/09/2023,2:00,0.175,70.46153846153847,20.416666666666668,11.0,1.0,1.41,105,21.3,75,0,450,40,67,32
15/09/2023,3:00,0.2,69.15384615384616,19.083333333333332,11.142857142857142,1.0,1.37,115,20.8,77,0,274,39,41,16
15/09/2023,4:00,0.2,68.46153846153847,18.25,10.857142857142858,1.0,1.32,75,19.2,85,0,318,36,49,31
15/09/2023,5:00,0.2,71.0,17.0,11.285714285714286,1.0,1.33,26,17.5,91,8.55,221,5,31,20
15/09/2023,6:00,0.2,75.84615384615384,10.454545454545455,8.285714285714286,1.25,1.55,9,13.9,99,1.2,393,2,61,29
15/09/2023,7:00,0.22499999999999998,63.92307692307692,5.636363636363637,4.571428571428571,1.25,0.59,27,14.7,98,0.05,660,4,131,73
15/09/2023,8:00,0.3,53.666666666666664,7.636363636363637,6.857142857142857,1.5,0.85,44,15,97,0,1552,22,210,234
15/09/2023,9:00,0.3,51.0,9.454545454545455,6.142857142857143,1.25,0.73,24,15.6,95,0,1476,36,196,293
15/09/2023,10:00,0.3,59.0,12.272727272727273,7.428571428571429,1.5,1,7,17.4,87,0,1262,30,136,253
15/09/2023,11:00,0.275,69.58333333333333,12.6,5.5,1.25,0.9,22,19.3,77,0,1430,40,182,270
15/09/2023,12:00,0.3,73.38461538461539,10.5,5.833333333333333,1.0,0.79,131,21.5,69,0,1158,80,182,232
15/09/2023,13:00,0.2333333333333333,79.46153846153847,11.5,6.0,1.0,1.1,142,22.5,66,0,1307,64,196,220
15/09/2023,14:00,0.2333333333333333,90.38461538461539,12.545454545454545,7.142857142857143,1.0,1.19,172,23.5,63,0,1308,80,161,176
15/09/2023,15:00,0.2333333333333333,94.6923076923077,16.181818181818183,10.142857142857142,1.0,01.01,180,23.4,63,0,1429,51,220,151
15/09/2023,16:00,0.225,103.61538461538461,15.545454545454545,8.857142857142858,1.0,01.03,9,24.8,58,0,1158,28,202,146
15/09/2023,17:00,0.225,104.53846153846153,16.181818181818183,9.571428571428571,1.0,1.34,158,25.2,53,0,1051,23,196,142
15/09/2023,18:00,0.25,100.76923076923077,15.363636363636363,9.142857142857142,1.0,1.16,144,25.1,54,0,1337,42,216,131
15/09/2023,19:00,0.25,89.46153846153847,14.727272727272727,8.857142857142858,1.0,0.6,109,24,58,0,1090,52,155,100
15/09/2023,20:00,0.325,70.07692307692308,14.818181818181818,8.285714285714286,1.0,0.4,122,22.6,64,0,1229,59,125,67
15/09/2023,21:00,0.325,63.76923076923077,14.272727272727273,7.571428571428571,1.0,0.39,154,22.2,67,0,743,28,65,20
15/09/2023,22:00,0.225,80.15384615384616,15.818181818181818,10.0,1.0,1.9,226,18.1,83,5.1,519,15,51,21
15/09/2023,23:00,0.275,66.53846153846153,9.636363636363637,5.285714285714286,1.25,0.72,11,16.7,93,0,423,18,20,10
16/09/2023,0:00,0.3,63.92307692307692,10.4,7.166666666666667,1.25,0.56,31,16.5,94,0,861,34,57,35
16/09/2023,1:00,0.3,59.07692307692308,8.727272727272727,5.714285714285714,1.25,0.45,44,16.9,94,0,526,22,68,31
16/09/2023,2:00,0.325,54.0,10.545454545454545,6.714285714285714,1.25,0.48,29,16.5,94,0.05,540,15,73,19
16/09/2023,3:00,0.275,52.15384615384615,9.181818181818182,5.142857142857143,1.25,0.47,18,16.4,94,0,232,3,24,16
16/09/2023,4:00,0.275,47.61538461538461,11.0,6.285714285714286,1.25,0.41,8,16,95,0,422,6,63,29
16/09/2023,5:00,0.275,42.23076923076923,12.272727272727273,8.285714285714286,1.25,0.38,2,15.9,94,0,291,7,47,13
16/09/2023,6:00,0.275,38.76923076923077,12.181818181818182,7.857142857142857,1.25,0.35,9,15.9,94,0,464,13,22,30
16/09/2023,7:00,0.275,31.76923076923077,12.181818181818182,7.0,1.25,0.35,170,15.9,94,0,350,22,16,33
16/09/2023,8:00,0.275,31.76923076923077,14.181818181818182,8.142857142857142,1.25,0.43,78,16.7,93,0.05,556,32,56,64
16/09/2023,9:00,0.275,35.53846153846154,15.181818181818182,7.857142857142857,1.25,0.77,140,16.9,91,0,746,45,89,114
16/09/2023,10:00,0.275,39.15384615384615,18.0,9.428571428571429,1.0,0.74,144,17.7,89,0,647,42,102,118
16/09/2023,11:00,0.275,46.0,18.727272727272727,8.857142857142858,1.0,1.2,140,18.4,86,0,1058,48,138,171
16/09/2023,12:00,0.275,57.61538461538461,21.0,10.571428571428571,1.0,1.2,180,19.6,79,0,944,39,111,134
16/09/2023,13:00,0.275,69.3076923076923,18.545454545454547,7.571428571428571,1.0,1.19,163,20.8,73,0,843,77,101,80
16/09/2023,14:00,0.275,77.23076923076923,17.2,8.333333333333334,1.0,1.25,143,21.5,68,0,879,61,122,68
16/09/2023,15:00,0.275,83.15384615384616,18.6,10.166666666666666,1.0,1.22,140,22,65,0,623,52,72,73
16/09/2023,16:00,0.25,83.15384615384616,15.909090909090908,8.857142857142858,1.0,1.26,136,22,66,0,1066,49,114,47
16/09/2023,17:00,0.275,81.84615384615384,12.909090909090908,5.285714285714286,1.0,1.19,123,21.9,65,0,922,41,99,54
16/09/2023,18:00,0.275,81.15384615384616,13.727272727272727,6.0,1.0,1.13,149,21.9,62,0,1083,57,156,71
16/09/2023,19:00,0.325,76.84615384615384,15.909090909090908,8.571428571428571,1.0,0.85,114,21.4,63,0,1210,27,129,49
16/09/2023,20:00,0.35000000000000003,67.0,16.09090909090909,6.714285714285714,1.0,0.42,108,20.6,69,0,1331,38,104,32
16/09/2023,21:00,0.425,54.46153846153846,15.333333333333334,6.571428571428571,1.0,0.38,85,19.8,72,0,662,16,68,18
16/09/2023,22:00,0.475,39.30769230769231,17.083333333333332,8.0,1.0,0.36,90,19,76,0,948,27,69,40
16/09/2023,23:00,0.45,35.23076923076923,19.916666666666668,10.571428571428571,1.0,0.35,126,19.1,76,0,699,23,39,21
17/09/2023,0:00,0.475,33.38461538461539,20.083333333333332,9.857142857142858,1.0,0.39,129,18.9,75,0,936,35,54,32
17/09/2023,1:00,0.35,42.38461538461539,18.5,8.714285714285714,1.0,0.79,173,19.1,72,0,544,11,44,24
17/09/2023,2:00,0.275,52.84615384615385,15.25,8.714285714285714,1.0,0.76,212,19.4,70,0,892,17,86,39
17/09/2023,3:00,0.275,49.69230769230769,13.666666666666666,7.714285714285714,1.0,0.4,64,18.5,78,0,570,1,68,29
17/09/2023,4:00,0.275,51.23076923076923,12.916666666666666,5.857142857142857,1.25,0.54,67,17.3,83,0.15,352,4,18,43
17/09/2023,5:00,0.275,46.53846153846154,12.5,7.571428571428571,1.0,0.41,126,16.9,88,0.1,299,4,24,35
17/09/2023,6:00,0.275,45.38461538461539,7.333333333333333,3.7142857142857144,1.0,0.38,105,17,88,0,429,8,49,99
17/09/2023,7:00,0.275,39.38461538461539,6.416666666666667,2.5714285714285716,1.0,0.47,112,16.7,88,0,358,38,33,62
17/09/2023,8:00,0.25,36.0,8.5,4.285714285714286,1.0,0.55,106,16.9,85,0.15,502,17,52,141
17/09/2023,9:00,0.25,39.0,10.25,5.714285714285714,1.25,0.55,111,16.9,87,0.05,493,16,49,139
17/09/2023,10:00,0.275,49.38461538461539,10.75,7.285714285714286,1.25,0.54,143,17,87,0.9,591,15,87,111
17/09/2023,11:00,0.275,51.07692307692308,9.416666666666666,5.714285714285714,1.0,0.89,142,16,91,0.7,646,16,88,138
17/09/2023,12:00,0.275,54.30769230769231,8.666666666666666,6.0,1.0,1.51,164,16.1,93,0.6,525,20,92,178
17/09/2023,13:00,0.275,58.15384615384615,9.166666666666666,6.0,1.0,1.53,193,16.8,92,0.4,479,19,91,118
17/09/2023,14:00,0.275,60.38461538461539,6.916666666666667,4.857142857142857,1.0,1.89,202,15.8,91,0.85,560,13,88,193
17/09/2023,15:00,0.275,65.61538461538461,6.666666666666667,4.857142857142857,1.0,1.77,192,17.2,85,0,355,18,55,141
17/09/2023,16:00,0.25,70.0,7.166666666666667,5.857142857142857,1.0,1.67,172,18.3,79,0,662,33,85,217
17/09/2023,17:00,0.25,69.53846153846153,6.5,3.142857142857143,1.0,1.44,144,18.5,76,0,502,36,53,135
17/09/2023,18:00,0.3,63.53846153846154,6.25,3.5714285714285716,1.0,1.34,152,18.1,80,0,743,64,75,134
17/09/2023,19:00,0.3,59.07692307692308,6.416666666666667,4.571428571428571,1.0,1.18,138,17.7,79,0,628,49,107,135
17/09/2023,20:00,0.3,51.46153846153846,6.666666666666667,3.2857142857142856,1.0,0.94,149,16.9,82,0,389,38,36,97
17/09/2023,21:00,0.35000000000000003,45.07692307692308,7.166666666666667,4.857142857142857,1.0,0.6,146,16.3,85,0,639,44,73,149
17/09/2023,22:00,0.35,42.69230769230769,7.166666666666667,3.2857142857142856,1.0,0.55,137,15.8,87,0,375,48,71,127
17/09/2023,23:00,0.325,43.0,8.083333333333334,5.285714285714286,1.25,0.62,171,15.4,89,0,522,66,40,131
18/09/2023,0:00,0.275,43.15384615384615,8.333333333333334,5.714285714285714,1.25,0.7,157,15.4,87,0,433,10,19,49
18/09/2023,1:00,0.275,41.61538461538461,7.75,4.428571428571429,1.25,01.08,181,15.1,88,0,366,9,47,65
18/09/2023,2:00,0.25,41.15384615384615,7.916666666666667,3.857142857142857,1.25,0.81,180,15,88,0,253,12,65,43
18/09/2023,3:00,0.25,42.61538461538461,7.166666666666667,3.7142857142857144,1.0,0.44,13,14.7,89,0,235,9,58,47
18/09/2023,4:00,0.275,36.07692307692308,7.083333333333333,3.2857142857142856,1.0,0.38,50,14.5,92,0,231,12,45,57
18/09/2023,5:00,0.25,37.61538461538461,7.75,4.142857142857143,1.25,0.38,25,14.3,92,0,288,8,36,62
18/09/2023,6:00,0.3,34.53846153846154,8.833333333333334,4.857142857142857,1.25,0.61,76,14.3,91,0,578,16,66,103
18/09/2023,7:00,0.35,23.923076923076923,11.75,6.0,1.0,0.6,204,15.1,88,0,1196,29,185,172
18/09/2023,8:00,0.4,18.416666666666668,13.833333333333334,5.0,1.25,0.89,180,15.4,86,0,1800,110,348,293
18/09/2023,9:00,0.35,25.916666666666668,16.166666666666668,5.857142857142857,1.25,01.07,160,16.9,81,0,1520,149,284,318
18/09/2023,10:00,0.35,37.0,14.75,4.857142857142857,1.25,1.21,184,16.7,82,0,1473,151,253,312
18/09/2023,11:00,0.3,47.25,14.25,5.571428571428571,1.25,1.13,182,17.2,79,0,1370,110,241,250
18/09/2023,12:00,0.275,59.25,12.272727272727273,5.142857142857143,1.0,1.25,170,19,73,0,525,20,92,178
18/09/2023,13:00,0.3,66.0,9.909090909090908,4.285714285714286,1.0,1.13,136,19.6,69,0,479,19,91,118
18/09/2023,14:00,0.3,68.07692307692308,13.090909090909092,7.833333333333333,1.0,1.19,163,19.8,67,0,560,13,88,193
18/09/2023,15:00,0.275,67.84615384615384,11.090909090909092,6.166666666666667,1.0,1.26,235,19.9,67,0,355,18,55,141
18/09/2023,16:00,0.275,67.0,9.363636363636363,4.833333333333333,1.0,1.37,195,20.1,68,0,662,33,85,217
18/09/2023,17:00,0.275,66.15384615384616,8.363636363636363,4.0,1.0,1.43,203,19.3,70,0,502,36,53,135
18/09/2023,18:00,0.3,63.23076923076923,7.454545454545454,3.8333333333333335,1.0,01.03,203,19.2,70,0,743,64,75,134
18/09/2023,19:00,0.325,57.30769230769231,6.0,3.5,1.0,0.85,225,19.6,67,0,591,40,86,37
18/09/2023,20:00,0.35,42.76923076923077,6.818181818181818,3.3333333333333335,1.0,0.43,196,18.1,76,0,1183,68,146,68
18/09/2023,21:00,0.45,31.46153846153846,9.545454545454545,3.8333333333333335,1.0,0.4,188,17.1,79,0,537,35,106,23
18/09/2023,22:00,0.45,22.692307692307693,10.727272727272727,4.666666666666667,1.25,0.37,214,16.2,82,0,555,23,83,25
18/09/2023,23:00,0.45,18.076923076923077,10.833333333333334,4.571428571428571,1.25,0.36,232,15.7,85,0,512,23,66,14
19/09/2023,0:00,0.42500000000000004,13.0,10.5,4.714285714285714,1.25,0.35,14,15.1,88,0,411,16,65,14
19/09/2023,1:00,0.42500000000000004,12.846153846153847,11.545454545454545,5.666666666666667,1.5,0.35,152,14.8,90,0,177,8,38,15
19/09/2023,2:00,0.45,8.384615384615385,11.363636363636363,7.5,1.5,0.36,235,14.4,92,0,272,11,59,24
19/09/2023,3:00,0.425,6.538461538461538,10.090909090909092,7.166666666666667,1.75,0.35,250,14.1,92,0,315,8,61,32
19/09/2023,4:00,0.35,6.6923076923076925,9.0,4.714285714285714,1.5,0.35,246,14,91,0,237,10,41,18
19/09/2023,5:00,0.3,7.230769230769231,10.25,5.857142857142857,1.75,0.35,268,13.8,93,0,273,8,44,38
19/09/2023,6:00,0.35,6.384615384615385,11.0,7.333333333333333,1.75,0.4,1,13.4,95,0,512,6,66,45
19/09/2023,7:00,0.4,4.3076923076923075,11.545454545454545,5.666666666666667,1.75,0.4,21,13,95,0,615,17,138,69
19/09/2023,8:00,0.4666666666666666,4.461538461538462,15.818181818181818,7.166666666666667,2.0,0.46,2,13.5,94,0,1458,56,243,227
19/09/2023,9:00,0.5333333333333333,10.666666666666666,16.9,8.0,1.3333333333333333,0.93,9,15.6,85,0,1208,83,218,262
19/09/2023,10:00,0.43333333333333335,25.333333333333332,18.9,9.166666666666666,1.0,0.97,17,17.6,79,0,1131,65,185,228
19/09/2023,11:00,0.3333333333333333,44.333333333333336,19.454545454545453,10.333333333333334,1.0,01.03,10,19.5,75,0,1061,17,154,188
19/09/2023,12:00,0.2333333333333333,60.0,15.636363636363637,8.166666666666666,1.0,01.06,8,21,67,0,739,23,91,105
19/09/2023,13:00,0.2333333333333333,70.66666666666667,13.0,6.0,1.0,1.14,16,21.8,62,0,1008,61,162,125
19/09/2023,14:00,0.2333333333333333,81.91666666666667,9.454545454545455,5.833333333333333,1.0,0.9,6,23.2,54,0,1425,84,230,170
19/09/2023,15:00,0.25,88.46153846153847,7.555555555555555,5.0,1.3333333333333333,0.83,60,23.7,46,0,1431,105,227,141
19/09/2023,16:00,0.25,90.92307692307692,8.666666666666666,3.0,1.25,0.81,16,23.9,45,0,1259,142,205,119
19/09/2023,17:00,0.25,93.53846153846153,10.7,6.0,1.25,01.06,112,24.2,44,0,1302,77,212,101
19/09/2023,18:00,0.275,93.07692307692308,11.333333333333334,6.5,1.0,0.75,177,24.5,45,0,1262,54,178,90
19/09/2023,19:00,0.325,91.07692307692308,12.083333333333334,5.142857142857143,1.0,0.48,6,24.2,47,0,719,47,114,48
19/09/2023,20:00,0.425,69.23076923076923,14.416666666666666,7.0,1.0,0.44,208,21.9,54,0,1106,97,179,73
19/09/2023,21:00,0.45,48.38461538461539,19.166666666666668,9.285714285714286,1.0,0.41,227,19.5,61,0,909,83,104,49
19/09/2023,22:00,0.45,44.07692307692308,20.166666666666668,9.142857142857142,1.0,0.7,4,18.7,65,0,723,49,71,29
19/09/2023,23:00,0.425,43.69230769230769,17.333333333333332,10.428571428571429,1.0,0.53,24,17.4,70,0,617,39,45,27
20/09/2023,0:00,0.4,43.38461538461539,14.916666666666666,10.285714285714286,1.25,0.45,13,16.3,75,0,438,21,25,23
20/09/2023,1:00,0.3,47.61538461538461,11.333333333333334,7.571428571428571,1.0,0.4,9,15.6,76,0,491,31,59,41
20/09/2023,2:00,0.25,46.15384615384615,7.333333333333333,5.833333333333333,1.0,0.36,11,15.1,78,0,410,35,44,35
20/09/2023,3:00,0.25,47.92307692307692,6.25,4.142857142857143,1.0,0.38,181,14.6,81,0,329,32,54,41
20/09/2023,4:00,0.25,39.61538461538461,7.083333333333333,3.7142857142857144,1.25,0.35,36,14.2,84,0,197,21,22,16
20/09/2023,5:00,0.2,30.23076923076923,8.416666666666666,5.285714285714286,1.0,0.35,14,13.9,85,0,418,39,32,38
20/09/2023,6:00,0.25,21.23076923076923,9.0,5.857142857142857,1.0,0.43,19,12.9,89,0,579,40,91,54
20/09/2023,7:00,0.3,12.384615384615385,11.083333333333334,5.666666666666667,1.25,0.36,8,12.6,89,0,973,39,172,100
20/09/2023,8:00,0.4666666666666666,8.166666666666666,17.454545454545453,8.333333333333334,1.3333333333333333,0.36,8,13.9,85,0,1571,30,220,184
20/09/2023,9:00,0.5,12.166666666666666,23.363636363636363,12.5,2.0,0.69,57,16.3,76,0,1319,83,191,277
20/09/2023,10:00,0.4000000000000001,23.166666666666668,25.75,11.428571428571429,1.6666666666666667,0.68,70,18.2,71,0,770,28,85,150
20/09/2023,11:00,0.3666666666666667,34.166666666666664,28.916666666666668,16.714285714285715,1.6666666666666667,0.84,87,20.1,66,0,871,16,112,165
20/09/2023,12:00,0.26666666666666666,51.416666666666664,27.0,15.428571428571429,1.3333333333333333,1.29,89,21.5,60,0,1519,68,192,273
20/09/2023,13:00,0.275,86.25,22.5,13.142857142857142,1.25,2.29,232,22.4,55,0,1569,53,228,201
20/09/2023,14:00,0.25,99.0,14.181818181818182,6.833333333333333,1.0,2.45,236,23,51,0,1589,54,207,147
20/09/2023,15:00,0.25,99.91666666666667,13.181818181818182,6.666666666666667,1.0,2.64,224,23.3,48,0,1402,46,251,131
20/09/2023,16:00,0.25,102.66666666666667,12.363636363636363,6.166666666666667,1.0,2.53,230,23.4,46,0,1367,51,265,142
20/09/2023,17:00,0.225,103.91666666666667,12.583333333333334,8.142857142857142,1.0,2.43,241,23.4,45,0,1157,38,192,100
20/09/2023,18:00,0.275,105.33333333333333,10.166666666666666,6.714285714285714,1.0,2.28,238,23.2,46,0,1241,56,204,118
20/09/2023,19:00,0.25,103.58333333333333,11.166666666666666,6.142857142857143,1.0,2.22,247,22.6,46,0,1376,46,223,89
20/09/2023,20:00,0.325,94.25,11.75,7.0,1.0,1.61,239,21.3,48,0,1299,22,239,44
20/09/2023,21:00,0.3,86.0,12.416666666666666,8.0,1.0,1.47,235,20.6,48,0,862,17,140,25
20/09/2023,22:00,0.25,85.25,11.583333333333334,7.571428571428571,1.0,1.83,239,19.9,48,0,637,15,135,22
20/09/2023,23:00,0.225,82.25,10.333333333333334,6.428571428571429,1.0,1.55,245,19,50,0,671,56,66,35
21/09/2023,0:00,0.25,79.0,8.833333333333334,5.428571428571429,1.0,1.49,239,18.4,50,0,469,13,38,25
21/09/2023,1:00,0.2,75.5,8.083333333333334,5.0,1.0,01.05,196,17.6,52,0,290,14,40,24
21/09/2023,2:00,0.2,70.0,7.25,4.285714285714286,1.0,1.33,205,16.9,58,0,339,12,43,41
21/09/2023,3:00,0.2,67.33333333333333,7.0,4.714285714285714,1.0,1.22,196,16.1,65,0,364,16,49,35
21/09/2023,4:00,0.2,72.58333333333333,6.75,4.428571428571429,1.0,1.84,223,15.5,71,0,317,10,54,36
21/09/2023,5:00,0.2,72.83333333333333,6.833333333333333,4.0,1.0,2.22,224,14.8,77,0,415,8,39,34
21/09/2023,6:00,0.225,66.91666666666667,7.416666666666667,3.7142857142857144,1.0,2,226,14.3,84,0,525,5,98,64
21/09/2023,7:00,0.225,55.916666666666664,9.083333333333334,5.571428571428571,1.0,2.36,228,14.1,85,0,903,10,158,107
21/09/2023,8:00,0.275,49.916666666666664,8.916666666666666,4.666666666666667,1.0,02.01,230,14.1,85,0,1653,43,294,208
21/09/2023,9:00,0.25,53.0,10.583333333333334,5.0,1.0,2.12,204,14.9,82,0,1421,58,254,214
21/09/2023,10:00,0.225,58.666666666666664,9.916666666666666,5.0,1.0,2.13,210,15.2,79,0,1209,76,208,196
21/09/2023,11:00,0.225,59.0,8.416666666666666,3.142857142857143,1.0,1.85,216,15.7,79,0,1578,94,321,229
21/09/2023,12:00,0.225,61.25,8.916666666666666,4.142857142857143,1.0,2.42,226,16.2,77,0,1447,117,247,208
21/09/2023,13:00,0.275,58.583333333333336,9.083333333333334,4.285714285714286,1.0,2.32,228,15.5,86,0.15,1338,83,214,169
21/09/2023,14:00,0.225,60.583333333333336,8.166666666666666,6.571428571428571,1.0,2.22,220,16.6,83,0.05,1222,87,193,115
21/09/2023,15:00,0.225,62.5,9.166666666666666,5.428571428571429,1.0,1.83,220,17.9,76,0,830,45,114,58
21/09/2023,16:00,0.225,60.666666666666664,7.454545454545454,4.0,1.0,2.13,206,18.1,77,0,701,41,104,40
21/09/2023,17:00,0.275,55.25,8.727272727272727,5.833333333333333,1.0,2.68,242,17.5,81,0,1173,50,195,85
21/09/2023,18:00,0.26666666666666666,56.25,8.0,6.0,1.0,02.04,242,18,78,0,2023,102,293,142
21/09/2023,19:00,0.25,58.0,6.833333333333333,6.0,1.0,1.77,248,17.7,71,0,1832,65,259,87
21/09/2023,20:00,0.325,61.416666666666664,5.5,2.5,1.0,1.87,272,16.8,61,0,1347,44,183,37
21/09/2023,21:00,0.3333333333333333,59.0,7.833333333333333,4.428571428571429,1.0,1.85,271,16.6,61,0,992,30,159,30
21/09/2023,22:00,0.3,63.75,8.166666666666666,5.333333333333333,1.0,1.47,272,16.4,59,0,754,35,104,42
21/09/2023,23:00,0.275,69.0,6.666666666666667,3.142857142857143,1.0,1.16,279,15.9,59,0,671,56,66,35
22/09/2023,0:00,0.275,70.33333333333333,5.818181818181818,3.3333333333333335,1.0,1.2,267,15.5,59,0,469,13,38,25
22/09/2023,1:00,0.225,71.36363636363636,6.0,3.142857142857143,1.0,1.77,272,14.9,62,0,290,14,40,24
22/09/2023,2:00,0.225,70.41666666666667,5.5,2.4285714285714284,1.0,1.58,277,14.4,64,0,339,12,43,41
22/09/2023,3:00,0.225,69.41666666666667,5.166666666666667,2.2857142857142856,1.0,1.34,276,13.8,67,0,364,16,49,35
22/09/2023,4:00,0.2,68.41666666666667,4.333333333333333,1.8571428571428572,1.0,1.45,274,13.2,67,0,317,10,54,36
22/09/2023,5:00,0.2,66.5,3.8333333333333335,1.6666666666666667,1.0,0.94,27,12.6,68,0,415,8,39,34
22/09/2023,6:00,0.225,62.25,4.916666666666667,3.0,1.0,0.69,263,12,70,0,525,5,98,64
22/09/2023,7:00,0.225,47.916666666666664,7.083333333333333,3.142857142857143,1.25,0.79,267,11.8,68,0,903,10,158,107
22/09/2023,8:00,0.4,36.72727272727273,10.25,3.2857142857142856,1.25,0.54,95,12.4,68,0,1653,43,294,208
22/09/2023,9:00,0.325,41.27272727272727,12.166666666666666,3.2857142857142856,1.25,0.59,70,15.2,62,0,1212,47,171,219
22/09/2023,10:00,0.325,56.54545454545455,11.833333333333334,4.571428571428571,1.0,0.7,64,16.2,59,0,1331,91,154,235
22/09/2023,11:00,0.25,63.72727272727273,8.25,3.0,1.25,0.89,22,17.2,56,0,1253,119,168,237
22/09/2023,12:00,0.225,66.75,8.166666666666666,4.142857142857143,1.0,1.19,77,17.4,55,0,1090,92,163,177
22/09/2023,13:00,0.25,73.36363636363636,7.25,3.2857142857142856,1.0,01.07,50,18.1,52,0,1021,101,152,128
22/09/2023,14:00,0.25,76.33333333333333,6.75,3.857142857142857,1.25,01.08,40,19.2,50,0,1603,127,177,136
22/09/2023,15:00,0.25,79.23076923076923,6.833333333333333,4.285714285714286,1.0,0.86,0,20,47,0,837,35,113,73
22/09/2023,16:00,0.275,81.07692307692308,7.75,4.428571428571429,1.0,1.31,11,20.8,45,0,801,43,154,96
22/09/2023,17:00,0.275,81.23076923076923,7.25,3.2857142857142856,1.0,1.47,264,20.7,43,0,988,56,173,95
22/09/2023,18:00,0.275,78.92307692307692,7.0,3.857142857142857,1.0,1.59,257,20.3,43,0,1122,69,172,82
22/09/2023,19:00,0.3,72.23076923076923,6.75,3.857142857142857,1.0,1.25,268,19.5,46,0,1258,85,213,74
22/09/2023,20:00,0.35,59.23076923076923,8.083333333333334,4.428571428571429,1.0,0.54,305,17.9,49,0,1224,75,195,66
22/09/2023,21:00,0.35,50.61538461538461,9.166666666666666,5.857142857142857,1.0,0.44,8,16.5,52,0,1140,60,140,33
22/09/2023,22:00,0.35,40.38461538461539,10.333333333333334,6.428571428571429,1.3333333333333333,0.36,287,15.2,58,0,957,62,120,32
22/09/2023,23:00,0.35,32.76923076923077,10.75,6.285714285714286,1.0,0.35,122,14.3,64,0,897,57,54,21
23/09/2023,0:00,0.35,28.153846153846153,10.25,6.142857142857143,1.0,0.36,202,13.6,67,0,596,11,30,18
23/09/2023,1:00,0.3,30.46153846153846,9.583333333333334,4.285714285714286,1.0,0.35,203,13,70,0,718,6,50,27
23/09/2023,2:00,0.3,24.384615384615383,9.583333333333334,4.428571428571429,1.0,0.36,39,12.2,75,0,831,8,135,35
23/09/2023,3:00,0.3,12.923076923076923,9.75,5.142857142857143,1.0,0.35,40,11.6,78,0,806,5,126,43
23/09/2023,4:00,0.275,13.384615384615385,9.5,5.285714285714286,1.5,0.35,3,10.8,81,0,716,11,132,48
23/09/2023,5:00,0.25,19.153846153846153,8.583333333333334,5.285714285714286,1.5,0.37,14,10.1,81,0,557,14,97,30
23/09/2023,6:00,0.25,23.846153846153847,7.25,3.857142857142857,1.25,0.37,10,9.8,81,0,461,11,29,28
23/09/2023,7:00,0.275,20.46153846153846,8.583333333333334,3.857142857142857,1.25,0.35,12,9.6,83,0,658,25,54,47
23/09/2023,8:00,0.3,15.307692307692308,9.583333333333334,4.285714285714286,1.25,0.4,24,10.4,82,0,822,16,100,137
23/09/2023,9:00,0.3,22.692307692307693,9.75,4.857142857142857,1.25,0.6,20,13.1,72,0,835,37,101,122
23/09/2023,10:00,0.3,34.15384615384615,11.545454545454545,5.0,1.25,0.83,28,15.1,65,0,1012,36,118,138
23/09/2023,11:00,0.3,50.84615384615385,10.727272727272727,4.166666666666667,1.25,0.74,47,17.5,57,0,1178,25,114,129
23/09/2023,12:00,0.3,66.53846153846153,9.0,4.0,1.0,0.83,49,19.3,51,0,744,22,70,93
23/09/2023,13:00,0.225,78.53846153846153,7.166666666666667,3.1666666666666665,1.0,01.03,69,20.1,47,0,890,15,73,68
23/09/2023,14:00,0.3,85.23076923076923,10.833333333333334,6.285714285714286,1.25,0.95,74,21.2,45,0,649,7,66,30
23/09/2023,15:00,0.225,93.07692307692308,10.333333333333334,6.571428571428571,1.25,0.84,54,21.5,44,0,1036,12,85,62
23/09/2023,16:00,0.25,100.15384615384616,8.416666666666666,3.7142857142857144,1.25,0.95,18,21.8,44,0,1010,5,99,67
23/09/2023,17:00,0.25,105.07692307692308,11.166666666666666,6.285714285714286,1.25,0.77,67,22.1,43,0,1010,10,95,66
23/09/2023,18:00,0.275,104.76923076923077,11.083333333333334,5.571428571428571,1.0,0.8,90,22.1,43,0,995,13,92,43
23/09/2023,19:00,0.3,95.46153846153847,12.416666666666666,7.142857142857143,1.25,0.58,131,21.8,45,0,621,15,71,15
23/09/2023,20:00,0.425,71.46153846153847,15.916666666666666,7.428571428571429,1.0,0.36,195,19,52,0,1368,25,129,48
23/09/2023,21:00,0.55,41.53846153846154,16.416666666666668,9.0,1.0,0.36,211,16.9,57,0,1243,15,103,21
23/09/2023,22:00,0.7,20.846153846153847,21.5,12.571428571428571,1.5,0.38,223,16.3,60,0,1007,34,76,10
23/09/2023,23:00,0.525,17.23076923076923,24.666666666666668,14.142857142857142,1.5,0.36,3,15.3,65,0,934,32,69,21
24/09/2023,0:00,0.575,17.615384615384617,24.333333333333332,13.857142857142858,1.5,0.43,12,14.6,69,0,532,22,41,11
24/09/2023,1:00,0.4,23.0,21.166666666666668,12.142857142857142,1.5,0.51,19,14,73,0,408,5,47,9
24/09/2023,2:00,0.3,37.23076923076923,14.333333333333334,8.285714285714286,1.25,0.49,8,13,79,0,553,19,91,27
24/09/2023,3:00,0.3,38.69230769230769,12.5,6.714285714285714,1.0,0.45,11,12.7,80,0,572,15,105,25
24/09/2023,4:00,0.3,35.61538461538461,11.583333333333334,6.857142857142857,1.0,0.38,20,12.1,83,0,552,12,127,28
24/09/2023,5:00,0.275,33.69230769230769,12.083333333333334,7.571428571428571,1.25,0.59,17,11.3,86,0,574,17,142,35
24/09/2023,6:00,0.25,31.692307692307693,10.166666666666666,7.142857142857143,1.0,0.46,6,10.9,87,0,549,20,94,16
24/09/2023,7:00,0.25,27.846153846153847,10.333333333333334,6.285714285714286,1.25,0.47,2,10.7,87,0,424,26,39,42
24/09/2023,8:00,0.275,23.23076923076923,11.583333333333334,5.857142857142857,1.25,0.52,9,11.6,83,0,328,15,40,40
24/09/2023,9:00,0.3,28.23076923076923,11.833333333333334,6.285714285714286,1.25,0.84,28,14,75,0,256,13,28,43
24/09/2023,10:00,0.3,44.61538461538461,11.5,5.428571428571429,1.25,0.8,19,17.1,63,0,254,8,34,35
24/09/2023,11:00,0.275,59.76923076923077,11.5,5.285714285714286,1.25,0.83,30,19.2,56,0,645,22,92,89
24/09/2023,12:00,0.275,71.84615384615384,10.666666666666666,4.428571428571429,1.25,0.7,53,21.7,51,0,474,30,62,51
24/09/2023,13:00,0.3,87.15384615384616,14.75,6.857142857142857,1.25,0.82,6,23.1,48,0,511,24,37,67
24/09/2023,14:00,0.275,95.07692307692308,11.583333333333334,5.285714285714286,1.0,0.99,59,24.2,42,0,594,18,63,58
24/09/2023,15:00,0.25,103.61538461538461,10.416666666666666,4.857142857142857,1.0,0.96,50,24.8,39,0,708,13,62,25
24/09/2023,16:00,0.225,111.38461538461539,9.666666666666666,5.571428571428571,1.25,0.84,8,25.7,39,0,498,8,36,28
24/09/2023,17:00,0.275,113.61538461538461,11.0,6.428571428571429,1.25,0.68,9,25.9,36,0,937,28,82,28
24/09/2023,18:00,0.25,111.92307692307692,12.833333333333334,7.142857142857143,1.25,0.6,25,25.6,37,0,912,49,77,41
24/09/2023,19:00,0.375,91.76923076923077,14.75,7.142857142857143,1.25,0.37,13,25.5,42,0,1129,50,115,50
24/09/2023,20:00,0.675,47.38461538461539,17.75,9.0,1.75,0.37,85,21.1,50,0,1061,59,68,41
24/09/2023,21:00,0.775,31.692307692307693,23.416666666666668,13.428571428571429,1.5,0.36,209,19.3,53,0,775,58,78,22
24/09/2023,22:00,0.7000000000000001,20.307692307692307,25.75,16.142857142857142,1.5,0.36,50,18.6,54,0,671,70,66,18
24/09/2023,23:00,0.675,21.384615384615383,23.5,17.285714285714285,1.5,0.47,5,17.1,60,0,594,53,40,19
25/09/2023,0:00,0.5,24.23076923076923,20.166666666666668,14.571428571428571,1.5,0.57,13,16.2,65,0,461,28,45,10
25/09/2023,1:00,0.35,33.07692307692308,16.333333333333332,10.0,1.25,0.54,22,15.9,66,0,360,31,51,25
25/09/2023,2:00,0.275,40.76923076923077,12.0,7.857142857142857,1.0,0.36,14,15.1,70,0,411,30,67,22
25/09/2023,3:00,0.275,35.15384615384615,11.0,6.571428571428571,1.25,0.37,337,14.2,74,0,357,22,54,22
25/09/2023,4:00,0.25,35.15384615384615,13.083333333333334,8.857142857142858,1.25,0.42,17,13.9,75,0,331,25,48,35
25/09/2023,5:00,0.22499999999999998,33.76923076923077,11.333333333333334,8.0,1.0,0.49,5,13.1,79,0,225,8,29,22
25/09/2023,6:00,0.275,28.0,11.166666666666666,8.0,1.25,0.43,11,12.5,79,0,345,12,77,51
25/09/2023,7:00,0.35,15.153846153846153,13.583333333333334,8.0,1.75,0.39,5,12.2,79,0,902,18,187,102
25/09/2023,8:00,0.5,9.461538461538462,16.666666666666668,6.571428571428571,2.5,0.51,1,12.6,78,0,1445,37,244,196
25/09/2023,9:00,0.5666666666666668,16.583333333333332,23.0,9.0,2.3333333333333335,0.86,13,15.7,67,0,1474,81,221,283
25/09/2023,10:00,0.4666666666666666,30.083333333333332,20.333333333333332,8.285714285714286,2.0,0.93,15,18.3,60,0,1218,87,217,200
25/09/2023,11:00,0.3666666666666667,47.53846153846154,18.75,8.285714285714286,1.3333333333333333,0.79,37,21.3,50,0,1210,37,177,189
25/09/2023,12:00,0.39999999999999997,63.583333333333336,17.0,5.714285714285714,1.6666666666666667,0.67,26,24.3,43,0,1154,39,151,170
25/09/2023,13:00,0.35,77.0,18.083333333333332,6.857142857142857,1.25,0.71,68,26,39,0,864,28,128,80
25/09/2023,14:00,0.325,88.07692307692308,16.5,9.0,1.25,0.68,17,27.9,35,0,1353,33,183,115
25/09/2023,15:00,0.275,95.46153846153847,12.916666666666666,9.285714285714286,1.25,0.76,21,27.8,34,0,1490,35,206,142
25/09/2023,16:00,0.275,98.0,11.583333333333334,5.714285714285714,1.25,0.84,18,28.5,33,0,1406,23,172,136
25/09/2023,17:00,0.225,102.38461538461539,11.916666666666666,5.142857142857143,1.25,0.67,89,28.8,32,0,1305,31,179,107
25/09/2023,18:00,0.225,100.84615384615384,12.916666666666666,6.285714285714286,1.25,0.73,83,28.2,33,0,1027,45,127,62
25/09/2023,19:00,0.375,79.15384615384616,13.0,6.0,1.0,0.53,222,27.2,35,0,1396,82,163,68
25/09/2023,20:00,0.75,36.15384615384615,19.75,8.428571428571429,1.75,0.44,200,22.6,43,0,1298,89,137,41
25/09/2023,21:00,1.15,18.076923076923077,30.333333333333332,13.428571428571429,2.25,0.53,267,21.8,45,0,831,48,85,30
25/09/2023,22:00,0.9249999999999999,11.692307692307692,35.916666666666664,18.714285714285715,2.0,0.39,42,19.4,53,0,698,41,78,23
25/09/2023,23:00,0.7749999999999999,13.923076923076923,30.333333333333332,16.0,1.75,0.42,4,18.2,56,0,652,32,55,21
26/09/2023,0:00,0.5499999999999999,19.76923076923077,25.916666666666668,14.428571428571429,2.0,0.45,4,17.5,58,0,312,23,23,12
26/09/2023,1:00,0.375,26.307692307692307,17.833333333333332,10.571428571428571,1.25,0.37,49,16.6,64,0,513,31,76,36
26/09/2023,2:00,0.35,21.692307692307693,17.833333333333332,10.142857142857142,1.25,0.35,97,15.6,69,0,402,28,76,32
26/09/2023,3:00,0.30000000000000004,23.923076923076923,16.166666666666668,10.142857142857142,1.25,0.37,25,15,71,0,320,37,47,26
26/09/2023,4:00,0.25,29.615384615384617,15.0,8.0,1.25,0.41,16,14.1,73,0,215,23,28,23
26/09/2023,5:00,0.25,33.92307692307692,13.666666666666666,7.571428571428571,1.25,0.5,7,13.2,75,0,349,23,27,23
26/09/2023,6:00,0.275,25.76923076923077,13.916666666666666,8.857142857142858,1.25,0.43,12,13.3,73,0,763,44,97,67
26/09/2023,7:00,0.325,17.923076923076923,16.416666666666668,9.428571428571429,1.5,0.54,7,12.8,74,0,1224,34,228,109
26/09/2023,8:00,0.4666666666666666,13.666666666666666,19.0,8.714285714285714,1.6666666666666667,0.54,7,13.3,73,0,1830,47,280,250
26/09/2023,9:00,0.5333333333333333,18.333333333333332,24.333333333333332,10.428571428571429,2.0,0.81,21,16,66,0,1292,54,165,256
26/09/2023,10:00,0.39999999999999997,31.454545454545453,25.916666666666668,10.857142857142858,1.3333333333333333,0.84,16,18.6,61,0,956,37,124,247
26/09/2023,11:00,0.3666666666666667,54.3,21.916666666666668,8.285714285714286,1.0,0.58,10,22.1,54,0,1202,44,150,253
26/09/2023,12:00,0.3333333333333333,72.6,19.666666666666668,8.428571428571429,1.0,0.6,28,24.5,49,0,1472,67,167,262
26/09/2023,13:00,0.3333333333333333,79.83333333333333,20.333333333333332,8.0,1.0,0.82,70,25.1,47,0,1568,87,199,201
26/09/2023,14:00,0.3333333333333333,86.41666666666667,19.833333333333332,8.857142857142858,1.0,0.81,74,25.6,45,0,2426,174,297,212
26/09/2023,15:00,0.26666666666666666,94.5,19.75,7.857142857142857,1.0,0.73,75,27,42,0,1530,111,190,133
26/09/2023,16:00,0.26666666666666666,104.08333333333333,19.333333333333332,7.714285714285714,1.0,0.84,68,27.9,40,0,1274,64,183,129
26/09/2023,17:00,0.2333333333333333,109.16666666666667,21.5,9.0,1.0,0.86,70,28.3,40,0,1085,75,157,81
26/09/2023,18:00,0.3,108.83333333333333,19.583333333333332,7.857142857142857,1.0,0.68,44,27.6,41,0,1572,80,198,110
26/09/2023,19:00,0.43333333333333335,89.0,24.25,10.571428571428571,1.0,0.44,69,26.6,44,0,1781,102,192,109
26/09/2023,20:00,0.6666666666666666,50.583333333333336,27.833333333333332,13.285714285714286,1.0,0.39,198,23,52,0,1200,61,178,66
26/09/2023,21:00,0.7999999999999999,23.5,32.083333333333336,13.571428571428571,1.0,0.41,234,21.3,57,0,973,32,129,34
26/09/2023,22:00,0.7333333333333334,19.0,40.583333333333336,19.142857142857142,1.3333333333333333,0.4,75,20.3,61,0,599,14,91,24
26/09/2023,23:00,0.7000000000000001,14.75,39.083333333333336,19.571428571428573,1.3333333333333333,0.38,10,19.3,66,0,703,17,73,33
27/09/2023,0:00,0.6666666666666666,16.416666666666668,34.833333333333336,18.428571428571427,1.3333333333333333,0.42,5,18.2,70,0,685,33,79,33
27/09/2023,1:00,0.39999999999999997,29.583333333333332,29.083333333333332,14.714285714285714,1.0,0.47,0,17.5,73,0,452,17,87,38
27/09/2023,2:00,0.3333333333333333,37.333333333333336,20.75,11.571428571428571,1.0,0.42,14,16.4,76,0,345,8,89,41
27/09/2023,3:00,0.3,39.416666666666664,17.916666666666668,10.571428571428571,1.0,0.38,5,15.8,78,0,248,2,63,45
27/09/2023,4:00,0.26666666666666666,35.333333333333336,17.333333333333332,9.142857142857142,1.0,0.37,24,15.2,80,0,250,5,43,36
27/09/2023,5:00,0.26666666666666666,33.666666666666664,16.416666666666668,10.0,1.0,0.38,8,15,78,0,415,22,69,24
27/09/2023,6:00,0.3,25.25,16.916666666666668,11.0,1.0,0.4,20,14.1,83,0,654,35,87,55
27/09/2023,7:00,0.3333333333333333,15.5,18.666666666666668,10.857142857142858,1.0,0.51,22,13.7,84,0,1160,29,222,125
27/09/2023,8:00,0.5,12.5,25.0,12.285714285714286,1.5,0.69,17,14.1,82,0,1778,61,234,295
27/09/2023,9:00,0.5,19.0,29.583333333333332,12.285714285714286,2.0,0.87,19,16.7,73,0,985,40,122,162
27/09/2023,10:00,0.39999999999999997,33.833333333333336,26.416666666666668,10.714285714285714,1.5,0.83,16,19.5,64,0,1628,80,166,350
27/09/2023,11:00,0.3,58.166666666666664,23.583333333333332,10.142857142857142,2.5,0.77,55,22.2,58,0,1266,35,134,215
27/09/2023,12:00,0.3,69.5,22.181818181818183,11.142857142857142,3.0,0.91,98,23.5,57,0,1084,16,111,192
27/09/2023,13:00,0.26666666666666666,76.08333333333333,24.818181818181817,11.285714285714286,2.5,0.9,147,25.6,53,0,1407,21,169,155
27/09/2023,14:00,0.2333333333333333,90.16666666666667,29.0,11.142857142857142,3.0,01.01,89,25.9,52,0,1643,37,197,140
27/09/2023,15:00,0.2333333333333333,101.91666666666667,28.6,11.5,2.3333333333333335,0.86,79,27,48,0,1504,51,222,117
27/09/2023,16:00,0.2333333333333333,112.0,25.454545454545453,9.0,2.3333333333333335,1.17,138,28,43,0,1559,39,206,134
27/09/2023,17:00,0.2333333333333333,107.5,19.636363636363637,5.833333333333333,2.3333333333333335,1.32,199,28,40,0,1039,36,138,86
27/09/2023,18:00,0.26666666666666666,98.41666666666667,16.833333333333332,6.857142857142857,1.0,1.23,206,27.5,38,0,679,46,105,66
27/09/2023,19:00,0.39999999999999997,80.16666666666667,21.916666666666668,9.285714285714286,1.0,01.01,213,26,40,0,1372,75,188,79
27/09/2023,20:00,0.5333333333333333,41.916666666666664,23.583333333333332,8.0,1.0,0.35,233,22.6,50,0,928,44,105,38
27/09/2023,21:00,0.7000000000000001,18.583333333333332,29.25,11.142857142857142,1.3333333333333333,0.39,247,21.2,54,0,499,9,44,20
27/09/2023,22:00,0.8333333333333334,14.75,30.75,13.714285714285714,1.3333333333333333,0.47,220,20.7,57,0,712,23,68,29
27/09/2023,23:00,0.7333333333333334,9.5,34.0,17.142857142857142,1.3333333333333333,0.36,7,19.4,62,0,695,22,52,33
28/09/2023,0:00,0.6333333333333333,9.833333333333334,31.333333333333332,14.857142857142858,1.3333333333333333,0.38,15,18.7,66,0,564,9,39,22
28/09/2023,1:00,0.6333333333333333,11.416666666666666,29.583333333333332,14.857142857142858,1.0,0.35,153,17.7,73,0,511,8,50,20
28/09/2023,2:00,0.4666666666666666,14.666666666666666,27.166666666666668,14.428571428571429,1.0,0.35,14,17,76,0,205,1,29,10
28/09/2023,3:00,0.3666666666666667,20.583333333333332,26.0,12.714285714285714,1.0,0.41,10,16.4,78,0,254,4,43,15
28/09/2023,4:00,0.2333333333333333,28.916666666666668,22.166666666666668,10.0,1.0,0.39,18,15.7,81,0,235,6,43,17
28/09/2023,5:00,0.2333333333333333,32.75,20.0,11.428571428571429,1.0,0.38,5,15.1,83,0,224,5,35,29
28/09/2023,6:00,0.3333333333333333,26.333333333333332,20.333333333333332,12.857142857142858,1.0,0.35,4,15,83,0,224,5,32,28
28/09/2023,7:00,0.3666666666666667,13.666666666666666,22.25,11.571428571428571,1.3333333333333333,0.37,3,14.7,83,0,828,20,111,87
28/09/2023,8:00,0.4666666666666666,8.25,31.166666666666668,13.714285714285714,1.3333333333333333,0.53,14,14.4,83,0,1690,59,295,227
28/09/2023,9:00,0.5,15.272727272727273,34.833333333333336,15.142857142857142,1.6666666666666667,0.64,9,17.1,73,0,1333,71,196,231
28/09/2023,10:00,0.5,27.916666666666668,34.416666666666664,16.428571428571427,1.3333333333333333,0.81,21,19.5,66,0,1008,48,142,220
28/09/2023,11:00,0.43333333333333335,47.583333333333336,35.083333333333336,17.571428571428573,1.3333333333333333,0.7,81,22,57,0,937,43,116,165
28/09/2023,12:00,0.3666666666666667,60.72727272727273,40.416666666666664,18.571428571428573,1.0,0.72,70,24.8,52,0,1541,74,205,258
28/09/2023,13:00,0.3,84.45454545454545,39.72727272727273,16.142857142857142,1.0,0.92,55,25.8,51,0,1823,72,236,207
28/09/2023,14:00,0.3333333333333333,106.63636363636364,34.833333333333336,12.75,1.0,1.47,182,27.6,44,0,1572,57,198,92
28/09/2023,15:00,0.26666666666666666,128.58333333333334,30.153846153846153,11.125,1.0,1.61,197,28.1,42,0,1464,63,197,147
28/09/2023,16:00,0.2333333333333333,133.0,23.692307692307693,9.875,1.0,1.46,215,28.5,39,0,1330,58,205,108
28/09/2023,17:00,0.26666666666666666,124.41666666666667,21.384615384615383,10.125,1.0,1.18,207,28.9,38,0,1215,60,184,119
28/09/2023,18:00,0.3,116.25,21.923076923076923,9.0,1.0,0.64,85,28.9,38,0,1537,77,171,124
28/09/2023,19:00,0.3666666666666667,94.41666666666667,23.076923076923077,12.25,1.0,0.36,105,27.7,44,0,1410,54,149,89
28/09/2023,20:00,0.5333333333333333,49.333333333333336,28.076923076923077,15.125,1.0,0.37,199,23.5,52,0,1219,48,111,43
28/09/2023,21:00,0.6666666666666666,25.083333333333332,34.84615384615385,17.875,1.0,0.49,260,22.7,55,0,1148,19,87,36
28/09/2023,22:00,0.6333333333333333,23.727272727272727,35.38461538461539,18.625,1.0,0.51,16,22.4,56,0,914,12,74,36
28/09/2023,23:00,0.5,30.363636363636363,30.923076923076923,17.125,1.0,0.5,26,20.6,63,0,850,10,73,22
29/09/2023,0:00,0.4666666666666666,39.25,28.46153846153846,17.375,1.0,0.76,8,19.4,69,0,636,7,43,30
29/09/2023,1:00,0.3333333333333333,49.0,27.23076923076923,16.375,1.0,0.55,5,18.6,70,0,381,5,42,27
29/09/2023,2:00,0.3,60.333333333333336,22.692307692307693,14.25,1.0,0.48,2,18.1,70,0,406,8,40,24
29/09/2023,3:00,0.3,58.333333333333336,20.384615384615383,13.125,1.0,0.38,13,17.4,71,0,409,2,37,20
29/09/2023,4:00,0.3,49.916666666666664,21.0,13.75,1.0,0.36,27,16.7,72,0,372,1,36,30
29/09/2023,5:00,0.26666666666666666,42.0,19.384615384615383,13.25,1.0,0.36,6,15.8,74,0,451,0,34,28
29/09/2023,6:00,0.26666666666666666,36.333333333333336,18.076923076923077,11.375,1.0,0.4,3,15.4,71,0,600,2,54,58
29/09/2023,7:00,0.3,21.916666666666668,18.692307692307693,9.5,1.0,0.41,7,14.9,71,0,901,20,179,122
29/09/2023,8:00,0.4,13.5,23.23076923076923,12.0,1.3333333333333333,0.77,16,14.7,72,0,1202,54,245,230
29/09/2023,9:00,0.43333333333333335,22.272727272727273,27.166666666666668,13.25,1.3333333333333333,01.04,13,17.1,66,0,592,50,117,162
29/09/2023,10:00,0.3666666666666667,38.72727272727273,26.384615384615383,12.5,1.0,01.02,12,20.7,56,0,1201,111,201,200
29/09/2023,11:00,0.30000000000000004,54.833333333333336,22.307692307692307,9.875,1.0,1.21,15,23.4,51,0,1277,105,179,259
29/09/2023,12:00,0.30000000000000004,71.25,20.53846153846154,9.75,1.0,01.02,8,25.7,47,0,1341,52,184,226
29/09/2023,13:00,0.26666666666666666,81.91666666666667,17.53846153846154,8.0,1.0,0.81,21,28,44,0,1453,61,170,232
29/09/2023,14:00,0.2333333333333333,91.08333333333333,16.53846153846154,10.375,1.0,0.95,3,29.1,41,0,1230,53,144,124
29/09/2023,15:00,0.2333333333333333,95.33333333333333,10.923076923076923,5.625,1.0,0.82,1,30.1,37,0,1642,46,144,120
29/09/2023,16:00,0.2333333333333333,101.91666666666667,9.923076923076923,5.625,1.0,0.65,43,30.9,34,0,1418,54,191,101
29/09/2023,17:00,0.2333333333333333,104.41666666666667,12.307692307692308,7.25,1.0,0.73,8,30.4,35,0,1380,73,154,121
29/09/2023,18:00,0.26666666666666666,99.5,11.923076923076923,7.0,1.0,0.58,1,30,35,0,1103,69,132,75
29/09/2023,19:00,0.3666666666666667,67.41666666666667,18.76923076923077,7.625,1.0,0.36,3,28.5,42,0,1384,86,165,79
29/09/2023,20:00,0.7000000000000001,31.0,25.23076923076923,11.875,1.0,0.36,15,25.1,43,0,901,48,87,28
29/09/2023,21:00,0.8666666666666667,19.416666666666668,29.076923076923077,16.125,1.3333333333333333,0.48,257,24.4,45,0,1397,67,144,22
29/09/2023,22:00,0.9666666666666667,20.5,31.53846153846154,19.75,1.3333333333333333,0.37,6,22.6,53,0,1022,35,85,31
29/09/2023,23:00,0.7666666666666666,22.416666666666668,29.615384615384617,18.125,1.0,0.48,0,20.8,58,0,918,43,63,29
30/09/2023,0:00,0.39999999999999997,34.5,25.384615384615383,14.5,1.0,0.52,2,20.3,62,0,987,31,83,32
30/09/2023,1:00,0.3333333333333333,33.0,20.076923076923077,11.625,1.0,0.49,6,19.3,65,0,564,14,42,13
30/09/2023,2:00,0.3666666666666667,29.75,16.0,7.75,1.0,0.36,18,18.2,70,0,614,29,87,30
30/09/2023,3:00,0.3333333333333333,31.0,14.538461538461538,6.75,1.0,0.39,1,17.6,70,0,606,36,96,35
30/09/2023,4:00,0.26666666666666666,32.333333333333336,15.153846153846153,9.625,1.0,0.38,9,17,71,0,493,33,105,37
30/09/2023,5:00,0.23333333333333336,35.166666666666664,14.461538461538462,9.375,1.0,0.36,18,16.6,73,0,522,35,104,63
30/09/2023,6:00,0.2333333333333333,30.416666666666668,15.0,9.125,1.0,0.37,3,16.1,75,0,246,18,18,17
30/09/2023,7:00,0.26666666666666666,24.666666666666668,16.076923076923077,9.625,1.0,0.55,21,15.7,76,0,570,30,48,54
30/09/2023,8:00,0.26666666666666666,22.916666666666668,16.53846153846154,8.875,1.0,0.56,26,15.8,75,0,631,49,72,111
30/09/2023,9:00,0.26666666666666666,29.083333333333332,18.076923076923077,9.0,1.0,0.91,14,17.9,70,0,354,40,28,56
30/09/2023,10:00,0.3,40.333333333333336,18.23076923076923,7.375,1.0,0.81,7,21.1,62,0,676,42,77,77
30/09/2023,11:00,0.3333333333333333,59.666666666666664,20.076923076923077,9.5,1.0,0.75,42,23.9,55,0,1070,41,84,103
30/09/2023,12:00,0.26666666666666666,84.58333333333333,21.846153846153847,9.25,1.0,0.79,23,26,50,0,1105,54,110,103
30/09/2023,13:00,0.26666666666666666,100.08333333333333,18.76923076923077,9.375,1.0,0.69,26,28.2,44,0,1098,63,95,85
30/09/2023,14:00,0.2333333333333333,109.5,21.615384615384617,11.875,1.0,0.75,27,29.1,42,0,600,28,66,73
30/09/2023,15:00,0.19999999999999998,117.33333333333333,20.76923076923077,9.75,1.0,0.67,20,29.9,41,0,1141,44,117,96
30/09/2023,16:00,0.19999999999999998,125.08333333333333,18.923076923076923,10.625,1.0,0.66,26,30.3,41,0,1180,33,121,92
30/09/2023,17:00,0.2333333333333333,127.41666666666667,22.76923076923077,13.25,1.0,0.58,9,30.4,41,0,1162,26,101,70
30/09/2023,18:00,0.2333333333333333,122.5,20.615384615384617,11.0,1.0,0.46,3,30.3,41,0,1019,23,59,72
30/09/2023,19:00,0.35,95.0,27.307692307692307,15.375,1.0,0.36,91,28.7,48,0,1479,52,112,80
30/09/2023,20:00,0.9,52.916666666666664,32.30769230769231,17.0,1.6666666666666667,0.37,8,24.5,54,0,1416,25,91,49
30/09/2023,21:00,0.7666666666666666,42.416666666666664,40.76923076923077,21.25,1.3333333333333333,0.42,15,24.2,54,0,898,18,45,23
30/09/2023,22:00,0.5666666666666667,39.75,35.53846153846154,20.5,1.0,0.38,4,22,62,0,650,7,30,21
30/09/2023,23:00,0.5333333333333333,33.5,37.38461538461539,22.5,1.0,0.36,1,21.1,65,0,1216,10,54,31